ros_timestamp_ns,wall_time,trajectory_mode,meas_x,meas_y,meas_z,is_tracked,pred_x,pred_y,pred_z,mae_x,mae_y,mae_z,inference_ms,buffer_size,robot_ee_x,robot_ee_y,robot_ee_z,j1_vel,j2_vel,j3_vel,j4_vel,j5_vel,j6_vel,j1_eff,j2_eff,j3_eff,j4_eff,j5_eff,j6_eff
1781609636901239647,2026-06-16T18:33:56.901255,prediction,0.176479,-0.013500,0.041574,True,0.096479,0.066500,0.071303,0.080000,0.080000,0.029730,4.38,20,-0.161936,0.281243,0.378629,0.000000,0.000000,0.000000,0.000000,0.000000,0.000000,0.003360,-0.151480,0.060590,-0.020224,0.012320,-0.016320
1781609636935899655,2026-06-16T18:33:56.935916,prediction,0.175352,0.008000,0.042397,True,0.096254,0.070800,0.071475,0.079098,0.062800,0.029078,4.24,20,-0.161936,0.281243,0.378629,0.000000,0.000000,0.000000,0.000000,0.000000,0.000000,0.003360,-0.162120,0.075032,-0.031520,0.012800,-0.016320
1781609636969401526,2026-06-16T18:33:56.969417,prediction,0.169361,0.051000,0.044043,True,0.094875,0.078800,0.073631,0.074486,0.027800,0.029588,4.08,20,-0.166082,0.281778,0.384221,0.000000,0.000000,0.000000,0.000000,0.000000,0.000000,0.002380,-0.163240,0.076028,-0.032448,0.012800,-0.016320
1781609636998315484,2026-06-16T18:33:56.998334,prediction,0.171087,0.017000,0.046540,True,0.096767,0.082440,0.075398,0.074320,0.065440,0.028858,4.26,20,-0.166082,0.281778,0.384221,0.000000,0.000000,0.000000,0.000000,0.000000,0.000000,0.000840,-0.161700,0.076692,-0.032736,0.013152,-0.016320
1781609637035004507,2026-06-16T18:33:57.035023,prediction,0.169767,0.043000,0.051249,True,0.095367,0.090440,0.077716,0.074400,0.047440,0.026467,4.16,20,-0.166082,0.281778,0.384221,0.000000,0.000000,0.000000,0.000000,0.000000,0.000000,0.004900,-0.165760,0.080842,-0.034688,0.015424,-0.017312
1781609637068213370,2026-06-16T18:33:57.068234,prediction,0.171087,0.017000,0.050339,True,0.094511,0.091752,0.079061,0.076576,0.074752,0.028722,4.38,20,-0.166082,0.281778,0.384221,0.000000,0.000000,0.000000,0.000000,0.000000,0.000000,0.003360,-0.166460,0.079514,-0.035008,0.013536,-0.016320
1781609637101466079,2026-06-16T18:33:57.101484,prediction,0.165623,0.051000,0.051529,True,0.092734,0.099601,0.081472,0.072890,0.048602,0.029943,4.16,20,-0.161988,0.280061,0.378524,0.000000,0.000000,0.000000,0.000000,0.000000,0.000000,0.003360,-0.166460,0.079514,-0.035008,0.013536,-0.016320
1781609637135835897,2026-06-16T18:33:57.135855,prediction,0.164985,0.064000,0.055705,True,0.091184,0.107601,0.084686,0.073801,0.043602,0.028981,4.20,20,-0.161988,0.280061,0.378524,0.000000,0.000000,0.000000,0.000000,0.000000,0.000000,0.003360,-0.166460,0.079514,-0.035008,0.013536,-0.016320
1781609637169240354,2026-06-16T18:33:57.169260,prediction,0.163928,0.008000,0.053837,True,0.093820,0.103681,0.086724,0.070108,0.095681,0.032887,4.08,20,-0.161988,0.280061,0.378524,0.000000,0.000000,0.000000,0.000000,0.000000,0.000000,0.003360,-0.166460,0.079514,-0.035008,0.013536,-0.016320
1781609637199553341,2026-06-16T18:33:57.199577,prediction,0.163073,0.026000,0.054437,True,0.091670,0.104145,0.086660,0.071403,0.078145,0.032223,4.43,20,-0.161988,0.280061,0.378524,0.000000,0.000000,0.000000,0.000000,0.000000,0.000000,0.003640,-0.166740,0.080510,-0.035136,0.015424,-0.017440
1781609637240578549,2026-06-16T18:33:57.240594,prediction,0.159891,0.093000,0.056672,True,0.089315,0.112145,0.089159,0.070577,0.019145,0.032487,4.58,20,-0.161988,0.280061,0.378524,0.000000,0.000000,0.000000,0.000000,0.000000,0.000000,0.003640,-0.166740,0.080510,-0.035136,0.015424,-0.017440
1781609637269684708,2026-06-16T18:33:57.269704,prediction,0.158515,0.043000,0.058760,True,0.090114,0.114316,0.090679,0.068402,0.071316,0.031918,4.28,20,-0.161988,0.280061,0.378524,0.000000,0.000000,0.000000,0.000000,0.000000,0.000000,0.003640,-0.166740,0.080510,-0.035136,0.015424,-0.017440
1781609637311585429,2026-06-16T18:33:57.311610,prediction,0.156590,0.085000,0.060092,True,0.087409,0.122316,0.091435,0.069181,0.037316,0.031342,7.46,20,-0.161988,0.280061,0.378524,0.000000,0.000000,0.000000,0.000000,0.000000,0.000000,0.003640,-0.166740,0.080510,-0.035136,0.015424,-0.017440
1781609637371298236,2026-06-16T18:33:57.371323,prediction,0.153659,0.068000,0.059553,True,0.084659,0.127453,0.092954,0.069001,0.059453,0.033401,10.14,20,-0.161988,0.280061,0.378524,0.000000,0.000000,0.000000,0.000000,0.000000,0.000000,0.004340,-0.175700,0.087897,-0.037856,0.015264,-0.016992
1781609637409089846,2026-06-16T18:33:57.409114,prediction,0.153659,0.068000,0.059553,True,0.082762,0.131562,0.094131,0.070897,0.063562,0.034578,9.19,20,-0.161988,0.280061,0.378524,0.000000,0.000000,0.000000,0.000000,0.000000,0.000000,0.004340,-0.175700,0.087897,-0.037856,0.015264,-0.016992
1781609637450759660,2026-06-16T18:33:57.450784,prediction,0.147864,0.117000,0.061107,True,0.079783,0.139562,0.093808,0.068081,0.022562,0.032701,9.22,20,-0.161988,0.280061,0.378524,0.000000,0.000000,0.000000,0.000000,0.000000,0.000000,0.004340,-0.175700,0.087897,-0.037856,0.015264,-0.016992
1781609637491521920,2026-06-16T18:33:57.491544,prediction,0.150290,0.060000,0.066755,True,0.079369,0.139650,0.093430,0.070922,0.079650,0.026675,8.64,20,-0.161988,0.280061,0.378524,0.000000,0.000000,0.000000,0.000000,0.008289,0.013517,0.071260,-0.292320,-0.010375,0.007968,0.047488,-0.034912
1781609637530907497,2026-06-16T18:33:57.530934,prediction,0.145545,0.085000,0.067466,True,0.076604,0.144720,0.092290,0.068941,0.059720,0.024825,6.04,20,-0.161988,0.280061,0.378524,0.003051,0.006540,0.007413,0.019198,0.023995,0.021807,0.106820,-0.252560,-0.006059,0.019776,0.038464,-0.032672
1781609637569141715,2026-06-16T18:33:57.569163,prediction,0.137579,0.101000,0.067921,True,0.072799,0.151976,0.090730,0.064780,0.050976,0.022809,4.82,20,-0.161988,0.280061,0.378524,0.004796,0.008285,0.007413,0.016137,0.024426,0.021375,0.091980,-0.254380,-0.001743,0.015872,0.038080,-0.031744
1781609637610708275,2026-06-16T18:33:57.610728,prediction,0.137579,0.101000,0.067921,True,0.075959,0.157781,0.091426,0.061620,0.056781,0.023506,5.14,20,-0.161988,0.280061,0.378524,0.004796,0.008285,0.007413,0.016137,0.024426,0.021375,0.091980,-0.254380,-0.001743,0.015872,0.038080,-0.031744
1781609637647049643,2026-06-16T18:33:57.647069,prediction,0.128928,0.140000,0.069029,True,0.070552,0.165781,0.092453,0.058375,0.025781,0.023424,4.41,20,-0.161988,0.280061,0.378524,0.004796,0.008285,0.007413,0.016137,0.024426,0.021375,0.091980,-0.254380,-0.001743,0.015872,0.038080,-0.031744
1781609637682142839,2026-06-16T18:33:57.682165,prediction,0.130818,0.085000,0.067466,True,0.069347,0.165624,0.092278,0.061471,0.080625,0.024813,4.61,20,-0.161988,0.280061,0.378524,0.004796,0.008285,0.007413,0.016137,0.024426,0.021375,0.091980,-0.254380,-0.001743,0.015872,0.038080,-0.031744
1781609637717424264,2026-06-16T18:33:57.717442,prediction,0.129993,0.109000,0.068148,True,0.065476,0.170300,0.091933,0.064517,0.061300,0.023785,4.61,20,-0.161988,0.280061,0.378524,0.004796,0.008285,0.007413,0.016137,0.024426,0.021375,0.091980,-0.254380,-0.001743,0.015872,0.038080,-0.031744
1781609637761572063,2026-06-16T18:33:57.761589,prediction,0.121496,0.148000,0.069257,True,0.060680,0.178300,0.092655,0.060816,0.030300,0.023398,4.48,20,-0.161988,0.280061,0.378524,0.001307,0.003489,0.003487,0.005228,0.008289,0.008289,0.086380,-0.235900,-0.012782,0.017664,0.030560,-0.027904
1781609637798875863,2026-06-16T18:33:57.798895,prediction,0.114340,0.148000,0.069257,True,0.061358,0.186300,0.094685,0.052981,0.038300,0.025428,4.65,20,-0.161988,0.280061,0.378524,0.001307,0.003489,0.003487,0.005228,0.008289,0.008289,0.086380,-0.235900,-0.012782,0.017664,0.030560,-0.027904
1781609637831500602,2026-06-16T18:33:57.831517,prediction,0.114562,0.140000,0.069029,True,0.063006,0.193040,0.094311,0.051556,0.053040,0.025282,4.61,20,-0.160711,0.281338,0.379801,0.001307,0.003489,0.003487,0.005228,0.008289,0.008289,0.086380,-0.235900,-0.012782,0.017664,0.030560,-0.027904
1781609637870019425,2026-06-16T18:33:57.870033,prediction,0.111991,0.101000,0.067921,True,0.062901,0.190632,0.092822,0.049090,0.089632,0.024902,4.55,20,-0.160711,0.281338,0.379801,0.001744,0.003051,0.001740,0.005228,0.005670,0.005228,0.085820,-0.234640,-0.009130,0.016256,0.030176,-0.025888
1781609637899396994,2026-06-16T18:33:57.899416,prediction,0.107379,0.140000,0.072626,True,0.055866,0.196505,0.094151,0.051513,0.056505,0.021525,4.61,20,-0.160715,0.281335,0.379798,0.000000,0.000000,0.000000,0.002609,0.002609,0.008289,0.042700,-0.111160,0.070716,-0.031904,-0.041632,0.026496
1781609637937666165,2026-06-16T18:33:57.937687,prediction,0.106007,0.043000,0.070028,True,0.049895,0.188505,0.097112,0.056113,0.145505,0.027084,4.46,20,-0.160715,0.281335,0.379798,0.000000,0.000000,0.000000,0.002609,0.010898,0.005228,0.016100,-0.061880,0.106987,-0.052608,-0.049376,0.026560
1781609637973784685,2026-06-16T18:33:57.973802,prediction,0.100515,0.125000,0.072224,True,0.044019,0.191804,0.098419,0.056496,0.066804,0.026195,7.48,20,-0.159390,0.282659,0.381122,0.000000,0.001744,0.000000,0.002609,0.008289,0.002609,0.003640,-0.058520,0.127073,-0.056224,-0.050144,0.027776
1781609638004098961,2026-06-16T18:33:58.004115,prediction,0.093139,0.133000,0.068830,True,0.037843,0.196043,0.100839,0.055296,0.063043,0.032008,6.36,20,-0.159390,0.282659,0.381122,0.000000,0.001744,0.000000,0.002609,0.008289,0.002609,0.003640,-0.058520,0.127073,-0.056224,-0.050144,0.027776
1781609638038748845,2026-06-16T18:33:58.038772,prediction,0.093014,0.140000,0.069029,True,0.038605,0.200835,0.104994,0.054409,0.060835,0.035964,6.58,20,-0.156648,0.285401,0.383051,0.000000,0.001744,0.000000,0.002609,0.008289,0.002609,0.003640,-0.058520,0.127073,-0.056224,-0.050144,0.027776
1781609638072456886,2026-06-16T18:33:58.072480,prediction,0.088672,0.186000,0.070337,True,0.035662,0.208835,0.107625,0.053010,0.022835,0.037288,6.49,20,-0.152444,0.289829,0.385410,0.000000,0.001744,0.000000,0.002609,0.008289,0.002609,0.003640,-0.058520,0.127073,-0.056224,-0.050144,0.027776
1781609638116482427,2026-06-16T18:33:58.116506,prediction,0.081926,0.164000,0.069712,True,0.033234,0.213561,0.110005,0.048692,0.049561,0.040294,8.05,20,-0.152444,0.289829,0.385410,0.000000,0.001744,0.000000,0.002609,0.008289,0.002609,0.003640,-0.058520,0.127073,-0.056224,-0.050144,0.027776
1781609638149684907,2026-06-16T18:33:58.149700,prediction,0.082031,0.156000,0.069484,True,0.027031,0.218049,0.108902,0.055000,0.062049,0.039418,8.42,20,-0.146850,0.295961,0.388136,0.000000,0.001744,0.000000,0.002609,0.008289,0.002609,0.003640,-0.058520,0.127073,-0.056224,-0.050144,0.027776
1781609638184815636,2026-06-16T18:33:58.184838,prediction,0.075203,0.125000,0.068603,True,0.024185,0.212314,0.108119,0.051017,0.087314,0.039516,7.93,20,-0.146850,0.295961,0.388136,0.000000,0.001744,0.000000,0.002609,0.008289,0.002609,0.003640,-0.058520,0.127073,-0.056224,-0.050144,0.027776
1781609638217008180,2026-06-16T18:33:58.217031,prediction,0.067673,0.171000,0.069911,True,0.016883,0.220051,0.107801,0.050790,0.049051,0.037890,8.52,20,-0.140471,0.303114,0.391014,0.000000,0.001744,0.000000,0.002609,0.008289,0.002609,0.003640,-0.058520,0.127073,-0.056224,-0.050144,0.027776
1781609638249576559,2026-06-16T18:33:58.249602,prediction,0.067874,0.140000,0.069029,True,0.012160,0.220041,0.107096,0.055713,0.080041,0.038067,8.50,20,-0.140471,0.303114,0.391014,0.000000,0.001307,0.002178,0.003051,0.005228,0.005228,-0.005180,-0.060340,0.142594,-0.056672,-0.049440,0.027392
1781609638286430645,2026-06-16T18:33:58.286452,prediction,0.063954,0.208000,0.070962,True,0.006519,0.228041,0.107722,0.057435,0.020041,0.036760,8.07,20,-0.134066,0.310252,0.393838,0.011342,0.006540,0.005234,0.005228,0.018756,0.019198,-0.101920,-0.246120,0.169735,-0.064352,-0.049440,0.031616
1781609638319994339,2026-06-16T18:33:58.320019,prediction,0.060665,0.148000,0.069257,True,0.001348,0.228033,0.107803,0.059317,0.080033,0.038546,8.61,20,-0.134066,0.310252,0.393838,0.011342,0.006540,0.005234,0.005228,0.018756,0.019198,-0.101920,-0.246120,0.169735,-0.064352,-0.049440,0.031616
1781609638353136492,2026-06-16T18:33:58.353161,prediction,0.053514,0.208000,0.070962,True,-0.004219,0.235333,0.109385,0.057733,0.027333,0.038422,8.81,20,-0.127585,0.317372,0.396610,0.011342,0.006540,0.005234,0.005228,0.018756,0.019198,-0.101920,-0.246120,0.169735,-0.064352,-0.049440,0.031616
1781609638387025045,2026-06-16T18:33:58.387045,prediction,0.057051,0.171000,0.069911,True,-0.007965,0.233481,0.111544,0.065016,0.062481,0.041633,8.25,20,-0.127585,0.317372,0.396610,0.016138,0.007853,0.007413,0.007847,0.024426,0.021375,-0.097580,-0.262500,0.168739,-0.062784,-0.050592,0.032224
1781609638419964797,2026-06-16T18:33:58.419987,prediction,0.049917,0.140000,0.069029,True,-0.012388,0.227885,0.111643,0.062305,0.087885,0.042614,4.99,20,-0.121019,0.324334,0.399320,0.055849,0.026174,0.027919,0.013086,0.075477,0.072857,-0.151900,-0.266840,0.199449,-0.064736,-0.057824,0.041088
1781609638452551159,2026-06-16T18:33:58.452576,prediction,0.046480,0.186000,0.070337,True,-0.016615,0.229231,0.111022,0.063095,0.043232,0.040685,4.65,20,-0.121019,0.324334,0.399320,0.068498,0.029669,0.033161,0.010898,0.086386,0.086386,-0.131320,-0.272720,0.199781,-0.066016,-0.053984,0.040864
1781609638485362116,2026-06-16T18:33:58.485379,prediction,0.039787,0.237000,0.071787,True,-0.014166,0.237231,0.114376,0.053953,0.000231,0.042589,4.90,20,-0.114259,0.331257,0.402017,0.073301,0.030976,0.037086,0.013086,0.083335,0.086386,-0.142800,-0.267400,0.198619,-0.064512,-0.052480,0.041536
1781609638522589555,2026-06-16T18:33:58.522607,prediction,0.036326,0.233500,0.071687,True,-0.006166,0.242920,0.115973,0.042492,0.009420,0.044285,4.87,20,-0.114259,0.331257,0.402017,0.073301,0.030976,0.037086,0.013086,0.083335,0.086386,-0.142800,-0.267400,0.198619,-0.064512,-0.052480,0.041536
1781609638562068690,2026-06-16T18:33:58.562085,prediction,0.032198,0.164000,0.069712,True,0.001834,0.236525,0.115149,0.030364,0.072525,0.045438,5.16,20,-0.107496,0.338096,0.404678,0.073301,0.030976,0.037086,0.013086,0.083335,0.086386,-0.142800,-0.267400,0.198619,-0.064512,-0.052480,0.041536
1781609638603845422,2026-06-16T18:33:58.603863,prediction,0.029248,0.216000,0.071190,True,-0.000592,0.233029,0.113998,0.029839,0.017029,0.042808,4.60,20,-0.107496,0.338096,0.404678,0.073301,0.030976,0.037086,0.013086,0.083335,0.086386,-0.142800,-0.267400,0.198619,-0.064512,-0.052480,0.041536
1781609638644211970,2026-06-16T18:33:58.644229,prediction,0.029329,0.223000,0.071389,True,-0.000569,0.241029,0.112657,0.029898,0.018029,0.041268,4.74,20,-0.100705,0.344980,0.407333,0.073301,0.030976,0.037086,0.013086,0.083335,0.086386,-0.142800,-0.267400,0.198619,-0.064512,-0.052480,0.041536
1781609638676969886,2026-06-16T18:33:58.676986,prediction,0.026336,0.258000,0.072384,True,0.007431,0.249029,0.112759,0.018905,0.008971,0.040375,4.53,20,-0.093944,0.351816,0.409900,0.264416,0.042318,0.135698,0.000000,0.183259,0.282742,-0.246120,-0.269360,0.252735,-0.075520,-0.066912,0.056160
1781609638708968619,2026-06-16T18:33:58.708992,prediction,0.022522,0.230000,0.071588,True,0.015431,0.243659,0.111480,0.007091,0.013659,0.039892,4.51,20,-0.093944,0.351816,0.409900,0.287538,0.042756,0.148784,0.000000,0.194157,0.299320,-0.246400,-0.258440,0.263442,-0.075808,-0.068352,0.058336
1781609638745153663,2026-06-16T18:33:58.745174,prediction,0.019078,0.230000,0.075036,True,0.009978,0.245823,0.111331,0.009101,0.015823,0.036294,5.06,20,-0.087175,0.358783,0.412455,0.329863,0.042756,0.176710,0.000000,0.220782,0.342513,-0.245420,-0.261940,0.255723,-0.073184,-0.070464,0.063232
1781609638776356495,2026-06-16T18:33:58.776378,prediction,0.012329,0.237000,0.075224,True,0.008468,0.251560,0.110064,0.003861,0.014560,0.034840,4.73,20,-0.087175,0.358783,0.412455,0.339461,0.040574,0.182383,0.000000,0.226452,0.352991,-0.245140,-0.258160,0.264438,-0.070688,-0.069120,0.062624
1781609638818633575,2026-06-16T18:33:58.818655,prediction,0.006594,0.286000,0.076536,True,0.012032,0.259560,0.109059,0.005438,0.026440,0.032522,5.56,20,-0.080513,0.365836,0.414981,0.339461,0.040574,0.182383,0.000000,0.226452,0.352991,-0.245140,-0.258160,0.264438,-0.070688,-0.069120,0.062624
1781609638863987137,2026-06-16T18:33:58.864004,prediction,0.003070,0.279000,0.076349,True,0.020032,0.267560,0.108164,0.016963,0.011440,0.031816,4.90,20,-0.080513,0.365836,0.414981,0.339461,0.040574,0.182383,0.000000,0.226452,0.352991,-0.245140,-0.258160,0.264438,-0.070688,-0.069120,0.062624
1781609638903258364,2026-06-16T18:33:58.903275,prediction,-0.000294,0.279000,0.076349,True,0.017008,0.275560,0.105524,0.017302,0.003440,0.029175,4.83,20,-0.074122,0.373011,0.417456,0.339461,0.040574,0.182383,0.000000,0.226452,0.352991,-0.245140,-0.258160,0.264438,-0.070688,-0.069120,0.062624
1781609638936277554,2026-06-16T18:33:58.936297,prediction,-0.003657,0.279000,0.076349,True,0.014220,0.283560,0.102641,0.017877,0.004560,0.026292,4.67,20,-0.074122,0.373011,0.417456,0.344701,0.037523,0.183692,0.000000,0.223401,0.353422,-0.218120,-0.246400,0.253150,-0.068576,-0.070016,0.059456
1781609638968163585,2026-06-16T18:33:58.968178,prediction,-0.010603,0.272000,0.076161,True,0.008023,0.291560,0.099597,0.018625,0.019560,0.023436,4.30,20,-0.067836,0.380380,0.419911,0.287538,0.005233,0.167112,0.000000,0.172351,0.277503,-0.191240,-0.235900,0.249000,-0.053760,-0.065344,0.053504
1781609639004729350,2026-06-16T18:33:59.004745,prediction,-0.013747,0.279000,0.076349,True,0.007474,0.293176,0.096523,0.021221,0.014177,0.020174,4.83,20,-0.067836,0.380380,0.419911,0.284049,0.003051,0.165803,0.000000,0.169731,0.272264,-0.181300,-0.239540,0.258960,-0.051328,-0.062016,0.050880
1781609639045867873,2026-06-16T18:33:59.045886,prediction,-0.019244,0.313000,0.077260,True,-0.000526,0.301176,0.093900,0.018718,0.011824,0.016641,4.82,20,-0.061877,0.388116,0.422216,0.274451,0.000000,0.165364,0.002609,0.167112,0.263975,-0.177240,-0.207340,0.252403,-0.045920,-0.062560,0.049984
1781609639078476060,2026-06-16T18:33:59.078498,prediction,-0.023573,0.286000,0.076536,True,-0.004349,0.307698,0.091704,0.019223,0.021698,0.015167,4.88,20,-0.056358,0.396246,0.424236,0.274451,0.000000,0.165364,0.002609,0.167112,0.263975,-0.177240,-0.207340,0.252403,-0.045920,-0.062560,0.049984
1781609639109810619,2026-06-16T18:33:59.109829,prediction,-0.028920,0.319000,0.077420,True,-0.012349,0.315698,0.090472,0.016570,0.003302,0.013051,4.66,20,-0.056358,0.396246,0.424236,0.274451,0.000000,0.165364,0.002609,0.167112,0.263975,-0.177240,-0.207340,0.252403,-0.045920,-0.062560,0.049984
1781609639143741849,2026-06-16T18:33:59.143759,prediction,-0.029454,0.306000,0.077072,True,-0.019824,0.323698,0.090932,0.009631,0.017698,0.013859,4.35,20,-0.051142,0.404588,0.425838,0.274451,0.000000,0.165364,0.002609,0.167112,0.263975,-0.177240,-0.207340,0.252403,-0.045920,-0.062560,0.049984
1781609639179593400,2026-06-16T18:33:59.179609,prediction,-0.032474,0.313000,0.077260,True,-0.027824,0.331698,0.090997,0.004650,0.018698,0.013737,5.09,20,-0.051142,0.404588,0.425838,0.274451,0.000000,0.165364,0.002609,0.167112,0.263975,-0.177240,-0.207340,0.252403,-0.045920,-0.062560,0.049984
1781609639208438527,2026-06-16T18:33:59.208458,prediction,-0.035515,0.319000,0.077420,True,-0.035415,0.339698,0.091185,0.000101,0.020698,0.013764,4.33,20,-0.046128,0.413109,0.427042,0.269211,0.000000,0.167112,0.000000,0.167112,0.269214,-0.172340,-0.141260,0.259458,-0.041984,-0.062720,0.048256
1781609639244857640,2026-06-16T18:33:59.244877,prediction,-0.038813,0.319000,0.077420,True,-0.038164,0.341792,0.093228,0.000649,0.022792,0.015808,4.76,20,-0.046128,0.413109,0.427042,0.269211,0.000000,0.167112,0.000000,0.167112,0.269214,-0.172340,-0.141260,0.259458,-0.041984,-0.062720,0.048256
1781609639279558522,2026-06-16T18:33:59.279573,prediction,-0.042111,0.319000,0.077420,True,-0.043785,0.349792,0.092597,0.001674,0.030792,0.015176,4.07,20,-0.041097,0.421772,0.427898,0.269211,0.000000,0.167112,0.000000,0.167112,0.269214,-0.172340,-0.141260,0.259458,-0.041984,-0.062720,0.048256
1781609639313843491,2026-06-16T18:33:59.313860,prediction,-0.045409,0.319000,0.077420,True,-0.046855,0.353298,0.092837,0.001446,0.034298,0.015416,4.22,20,-0.041097,0.421772,0.427898,0.269211,0.000000,0.167112,0.000000,0.167112,0.269214,-0.172340,-0.141260,0.259458,-0.041984,-0.062720,0.048256
1781609639350277943,2026-06-16T18:33:59.350292,prediction,-0.048706,0.319000,0.077420,True,-0.050951,0.355460,0.091984,0.002245,0.036460,0.014564,4.20,20,-0.036116,0.430404,0.428454,0.212493,0.037523,0.191543,0.000000,0.156634,0.215543,-0.158060,-0.018900,0.285105,-0.006688,-0.062400,0.045152
1781609639379350732,2026-06-16T18:33:59.379365,prediction,-0.052004,0.319000,0.077420,True,-0.051068,0.353697,0.092057,0.000937,0.034697,0.014636,4.84,20,-0.036116,0.430404,0.428454,0.200706,0.044069,0.197216,0.000000,0.153584,0.202015,-0.156240,-0.025340,0.283030,-0.003296,-0.059904,0.046976
1781609639413553812,2026-06-16T18:33:59.413570,prediction,-0.054217,0.339000,0.077956,True,-0.049698,0.359376,0.091440,0.004519,0.020377,0.013484,4.61,20,-0.031059,0.438990,0.428774,0.194166,0.047120,0.198525,0.000000,0.150533,0.196777,-0.164220,-0.015680,0.280623,-0.002240,-0.066400,0.047712
1781609639446050853,2026-06-16T18:33:59.446066,prediction,-0.053512,0.352000,0.078304,True,-0.045659,0.359399,0.091681,0.007853,0.007399,0.013376,4.37,20,-0.031059,0.438990,0.428774,0.186313,0.054105,0.204637,0.002609,0.153584,0.183259,-0.137200,-0.004620,0.287180,-0.000896,-0.061792,0.047264
1781609639486603824,2026-06-16T18:33:59.486620,prediction,-0.061150,0.332000,0.077769,True,-0.045381,0.359176,0.091188,0.015768,0.027176,0.013419,4.40,20,-0.025892,0.447562,0.428937,0.169730,0.063703,0.212057,0.000000,0.148345,0.169731,-0.133560,0.000560,0.284441,-0.000896,-0.063616,0.043424
1781609639520494886,2026-06-16T18:33:59.520516,prediction,-0.060747,0.339000,0.077956,True,-0.046442,0.362802,0.090248,0.014305,0.023802,0.012292,4.42,20,-0.025892,0.447562,0.428937,0.156637,0.071556,0.213797,0.000000,0.142675,0.161873,-0.139160,-0.001120,0.294733,-0.001184,-0.065024,0.041088
1781609639547907619,2026-06-16T18:33:59.547921,prediction,-0.064781,0.326000,0.077608,True,-0.045612,0.358893,0.090141,0.019169,0.032893,0.012534,4.31,20,-0.020677,0.456064,0.429013,0.151841,0.076790,0.217291,0.000000,0.140056,0.150964,-0.130480,-0.002100,0.278714,-0.001728,-0.059904,0.038848
1781609639583204882,2026-06-16T18:33:59.583221,prediction,-0.067277,0.339000,0.077956,True,-0.044685,0.360449,0.090026,0.022592,0.021449,0.012070,4.20,20,-0.020677,0.456064,0.429013,0.145295,0.081592,0.219038,0.000000,0.137436,0.142675,-0.130200,-0.003080,0.288674,-0.001632,-0.056224,0.041184
1781609639610349669,2026-06-16T18:33:59.610362,prediction,-0.066912,0.345000,0.078117,True,-0.039353,0.354649,0.090538,0.027559,0.009649,0.012422,3.88,20,-0.015413,0.464590,0.429058,0.127406,0.096423,0.226890,0.000000,0.126528,0.126528,-0.114660,-0.000560,0.284607,-0.002240,-0.055712,0.040960
1781609639639338031,2026-06-16T18:33:59.639355,prediction,-0.072602,0.306000,0.077072,True,-0.034828,0.346649,0.091808,0.037775,0.040649,0.014736,4.04,20,-0.015413,0.464590,0.429058,0.122603,0.099919,0.226890,0.000000,0.123908,0.118680,-0.119280,0.005180,0.292326,-0.002688,-0.053440,0.041248
1781609639671976781,2026-06-16T18:33:59.671992,prediction,-0.071790,0.319000,0.077420,True,-0.036564,0.338649,0.091570,0.035226,0.019649,0.014150,3.85,20,-0.010204,0.473162,0.429105,0.107772,0.111261,0.228637,0.000000,0.115619,0.110391,-0.135100,0.018200,0.281453,-0.003904,-0.053888,0.037344
1781609639704418376,2026-06-16T18:33:59.704438,prediction,-0.073422,0.345000,0.078117,True,-0.033411,0.340428,0.091715,0.040011,0.004572,0.013598,3.95,20,-0.010204,0.473162,0.429105,0.106028,0.115626,0.228637,0.000000,0.113000,0.105152,-0.134540,0.000280,0.290417,-0.004512,-0.054272,0.038752
1781609639738008481,2026-06-16T18:33:59.738026,prediction,-0.073422,0.345000,0.078117,True,-0.030988,0.346367,0.092329,0.042435,0.001367,0.014212,3.95,20,-0.010204,0.473162,0.429105,0.098174,0.124354,0.228637,0.000000,0.105152,0.099914,-0.126980,0.015680,0.295729,-0.005568,-0.052832,0.038144
1781609639776278902,2026-06-16T18:33:59.776298,prediction,-0.074640,0.326000,0.077608,True,-0.025119,0.338367,0.092621,0.049521,0.012367,0.015013,4.07,20,-0.005075,0.481749,0.429157,0.093372,0.130457,0.228637,0.000000,0.102533,0.094675,-0.127960,-0.016940,0.299215,-0.006144,-0.051936,0.038848
1781609639815170915,2026-06-16T18:33:59.815190,prediction,-0.075429,0.364000,0.078626,True,-0.027927,0.338894,0.092279,0.047502,0.025106,0.013653,4.14,20,-0.000080,0.490374,0.429204,0.089883,0.135259,0.225143,0.000000,0.091624,0.091624,-0.136080,-0.015400,0.285769,-0.007520,-0.054720,0.039424
1781609639845859565,2026-06-16T18:33:59.845880,prediction,-0.080808,0.332000,0.077769,True,-0.030281,0.332265,0.093789,0.050527,0.000265,0.016020,4.32,20,-0.000080,0.490374,0.429204,0.089445,0.137004,0.226890,0.000000,0.089005,0.091624,-0.109060,-0.024080,0.299215,-0.007680,-0.052832,0.037792
1781609639873834130,2026-06-16T18:33:59.873857,prediction,-0.082291,0.358000,0.078465,True,-0.033068,0.331254,0.095692,0.049222,0.026746,0.017227,3.99,20,0.004824,0.499141,0.429261,0.086825,0.140492,0.224704,0.000000,0.083766,0.086386,-0.122080,-0.019180,0.290749,-0.009024,-0.050720,0.037632
1781609639909014132,2026-06-16T18:33:59.909033,prediction,-0.085101,0.364000,0.078626,True,-0.033790,0.327237,0.098207,0.051311,0.036763,0.019581,4.09,20,0.004824,0.499141,0.429261,0.083336,0.143988,0.222964,0.000000,0.080716,0.085954,-0.119840,0.000280,0.303282,-0.010240,-0.048160,0.039072
1781609639941980009,2026-06-16T18:33:59.942002,prediction,-0.083758,0.383000,0.079135,True,-0.034096,0.332966,0.100448,0.049663,0.050034,0.021314,4.30,20,0.009640,0.507879,0.429397,0.083336,0.143988,0.222964,0.000000,0.080716,0.085954,-0.119840,0.000280,0.303282,-0.010240,-0.048160,0.039072
1781609639976438793,2026-06-16T18:33:59.976457,prediction,-0.085524,0.358000,0.081703,True,-0.033550,0.326680,0.103243,0.051974,0.031320,0.021539,4.62,20,0.009640,0.507879,0.429397,0.083336,0.143988,0.222964,0.000000,0.080716,0.085954,-0.119840,0.000280,0.303282,-0.010240,-0.048160,0.039072
1781609640009854142,2026-06-16T18:34:00.009873,prediction,-0.088324,0.364000,0.081854,True,-0.039428,0.319505,0.104955,0.048896,0.044495,0.023101,7.53,20,0.014520,0.516593,0.429724,0.083336,0.143988,0.222964,0.000000,0.080716,0.085954,-0.119840,0.000280,0.303282,-0.010240,-0.048160,0.039072
1781609640045638942,2026-06-16T18:34:00.045662,prediction,-0.090846,0.373500,0.082093,True,-0.044944,0.327505,0.104879,0.045903,0.045995,0.022786,7.73,20,0.014520,0.516593,0.429724,0.083336,0.143988,0.222964,0.000000,0.080716,0.085954,-0.119840,0.000280,0.303282,-0.010240,-0.048160,0.039072
1781609640081200186,2026-06-16T18:34:00.081220,prediction,-0.090144,0.383000,0.082332,True,-0.043162,0.332106,0.106148,0.046982,0.050893,0.023816,9.09,20,0.019629,0.525161,0.430393,0.080279,0.150528,0.222964,0.000000,0.072857,0.078096,-0.111160,-0.028700,0.293737,-0.013984,-0.048768,0.037792
1781609640122205732,2026-06-16T18:34:00.122225,prediction,-0.090587,0.377000,0.082181,True,-0.040593,0.325906,0.106341,0.049995,0.051094,0.024160,8.22,20,0.019629,0.525161,0.430393,0.076790,0.150097,0.221217,0.000000,0.072426,0.078538,-0.131320,-0.042420,0.307598,-0.014656,-0.049760,0.038848
1781609640160031005,2026-06-16T18:34:00.160050,prediction,-0.091992,0.358000,0.084942,True,-0.041235,0.317906,0.109459,0.050757,0.040094,0.024517,8.66,20,0.025119,0.533475,0.431556,0.075045,0.152279,0.222964,0.000000,0.072857,0.075477,-0.118020,-0.046060,0.299049,-0.014656,-0.052928,0.034560
1781609640187235805,2026-06-16T18:34:00.187257,prediction,-0.091977,0.401000,0.085952,True,-0.040392,0.325906,0.109451,0.051585,0.075094,0.023499,4.69,20,0.025119,0.533475,0.431556,0.075045,0.150528,0.222964,0.000000,0.075477,0.072426,-0.110320,-0.046760,0.312412,-0.015264,-0.053376,0.035584
1781609640227204975,2026-06-16T18:34:00.227226,prediction,-0.091977,0.401000,0.085952,True,-0.039543,0.333906,0.109083,0.052433,0.067094,0.023131,4.59,20,0.031101,0.541285,0.433444,0.073301,0.151841,0.226890,0.000000,0.075477,0.069807,-0.092960,-0.061600,0.292492,-0.015584,-0.051712,0.036800
1781609640263803367,2026-06-16T18:34:00.263817,prediction,-0.096066,0.389000,0.085670,True,-0.038242,0.329592,0.109153,0.057824,0.059408,0.023483,4.69,20,0.031101,0.541285,0.433444,0.066754,0.151841,0.232563,0.000000,0.081158,0.069807,-0.116200,-0.047740,0.295231,-0.016160,-0.050272,0.036288
1781609640300513424,2026-06-16T18:34:00.300531,prediction,-0.095603,0.395000,0.085811,True,-0.040387,0.326674,0.109729,0.055216,0.068326,0.023918,4.78,20,0.037470,0.548418,0.436231,0.065010,0.153586,0.232563,0.000000,0.080716,0.067188,-0.118020,-0.045780,0.300958,-0.016768,-0.053664,0.034848
1781609640336662788,2026-06-16T18:34:00.336680,prediction,-0.099249,0.389000,0.085670,True,-0.042391,0.325500,0.109959,0.056858,0.063500,0.024289,4.76,20,0.037470,0.548418,0.436231,0.065010,0.153586,0.232563,0.000000,0.080716,0.067188,-0.118020,-0.045780,0.300958,-0.016768,-0.053664,0.034848
1781609640380280022,2026-06-16T18:34:00.380301,prediction,-0.101949,0.395000,0.085811,True,-0.046636,0.333500,0.108711,0.055313,0.061500,0.022900,4.79,20,0.043256,0.553914,0.439129,0.065010,0.153586,0.232563,0.000000,0.080716,0.067188,-0.118020,-0.045780,0.300958,-0.016768,-0.053664,0.034848
1781609640415780264,2026-06-16T18:34:00.415797,prediction,-0.105122,0.395000,0.085811,True,-0.048415,0.336761,0.109377,0.056707,0.058239,0.023566,4.86,20,0.048505,0.557253,0.442290,0.055849,0.151841,0.241723,0.000000,0.091624,0.056721,-0.129780,-0.080500,0.308096,-0.018592,-0.053216,0.036736
1781609640449724145,2026-06-16T18:34:00.449747,prediction,-0.107290,0.407000,0.086093,True,-0.051438,0.334978,0.109716,0.055852,0.072022,0.023623,4.83,20,0.048505,0.557253,0.442290,0.055849,0.151841,0.241723,0.000000,0.091624,0.056721,-0.129780,-0.080500,0.308096,-0.018592,-0.053216,0.036736
1781609640484872978,2026-06-16T18:34:00.484894,prediction,-0.107369,0.443000,0.090038,True,-0.053771,0.342978,0.110314,0.053598,0.100022,0.020276,4.96,20,0.052896,0.558566,0.445375,0.055849,0.151841,0.241723,0.000000,0.091624,0.056721,-0.129780,-0.080500,0.308096,-0.018592,-0.053216,0.036736
1781609640516874078,2026-06-16T18:34:00.516905,prediction,-0.110463,0.443000,0.090038,True,-0.051681,0.350978,0.110732,0.058782,0.092022,0.020694,5.02,20,0.052896,0.558566,0.445375,0.055849,0.151841,0.241723,0.000000,0.091624,0.056721,-0.129780,-0.080500,0.308096,-0.018592,-0.053216,0.036736
1781609640549462015,2026-06-16T18:34:00.549486,prediction,-0.115154,0.425000,0.089644,True,-0.056195,0.358978,0.110454,0.058958,0.066022,0.020810,4.41,20,0.055921,0.558659,0.447152,0.055849,0.140492,0.249143,0.000000,0.107772,0.056721,-0.122360,-0.106820,0.312578,-0.020704,-0.053984,0.037248
1781609640582026171,2026-06-16T18:34:00.582047,prediction,-0.117736,0.431000,0.089775,True,-0.063097,0.366978,0.109813,0.054639,0.064022,0.020038,4.99,20,0.055921,0.558659,0.447152,0.060207,0.135697,0.253069,0.000000,0.113000,0.059340,-0.106820,-0.099120,0.309175,-0.021440,-0.057600,0.034784
1781609640612662663,2026-06-16T18:34:00.612684,prediction,-0.119286,0.448000,0.090147,True,-0.066027,0.374978,0.109168,0.053259,0.073022,0.019022,4.72,20,0.058278,0.560710,0.448142,0.063703,0.129150,0.252630,0.000000,0.123908,0.065010,-0.120540,-0.106820,0.313989,-0.021760,-0.055264,0.035968
1781609640651532602,2026-06-16T18:34:00.651554,prediction,-0.120781,0.465000,0.090518,True,-0.063121,0.382978,0.108358,0.057660,0.082022,0.017839,4.74,20,0.058278,0.560710,0.448142,0.065447,0.125661,0.253069,0.000000,0.126528,0.064568,-0.132300,-0.115220,0.321044,-0.022208,-0.055168,0.037024
1781609640685110735,2026-06-16T18:34:00.685128,prediction,-0.120781,0.465000,0.090518,True,-0.061057,0.390978,0.108214,0.059724,0.074022,0.017696,4.90,20,0.060308,0.564828,0.448357,0.065447,0.125661,0.253069,0.000000,0.126528,0.064568,-0.132300,-0.115220,0.321044,-0.022208,-0.055168,0.037024
1781609640720496656,2026-06-16T18:34:00.720528,prediction,-0.122840,0.443000,0.090038,True,-0.064895,0.397905,0.107558,0.057945,0.045095,0.017521,5.44,20,0.060308,0.564828,0.448357,0.065447,0.125661,0.253069,0.000000,0.126528,0.064568,-0.132300,-0.115220,0.321044,-0.022208,-0.055168,0.037024
1781609640756330650,2026-06-16T18:34:00.756348,prediction,-0.125458,0.448000,0.090147,True,-0.070216,0.405905,0.105637,0.055243,0.042095,0.015490,4.72,20,0.062374,0.571151,0.447987,0.065447,0.125661,0.253069,0.000000,0.126528,0.064568,-0.132300,-0.115220,0.321044,-0.022208,-0.055168,0.037024
1781609640791442260,2026-06-16T18:34:00.791465,prediction,-0.122696,0.477000,0.090781,True,-0.069499,0.413905,0.103507,0.053198,0.063095,0.012727,6.97,20,0.062374,0.571151,0.447987,0.067192,0.122603,0.253069,0.000000,0.129147,0.067188,-0.136080,-0.106820,0.320878,-0.022336,-0.061184,0.037856
1781609640827562309,2026-06-16T18:34:00.827580,prediction,-0.121530,0.457000,0.090344,True,-0.063905,0.421905,0.102911,0.057625,0.035095,0.012568,5.10,20,0.065234,0.578696,0.447443,0.092934,0.058901,0.215544,0.000000,0.156203,0.094244,-0.142240,-0.169540,0.304029,-0.021216,-0.062016,0.039136
1781609640860792383,2026-06-16T18:34:00.860808,prediction,-0.123268,0.471000,0.087597,True,-0.070935,0.429905,0.098326,0.052333,0.041095,0.010729,5.03,20,0.065234,0.578696,0.447443,0.094679,0.037523,0.193291,0.000000,0.150964,0.094244,-0.140000,-0.179760,0.285105,-0.018592,-0.058400,0.042464
1781609640895245364,2026-06-16T18:34:00.895267,prediction,-0.127963,0.454000,0.087198,True,-0.076054,0.437905,0.096918,0.051909,0.016095,0.009720,4.90,20,0.068091,0.587446,0.446625,0.094679,0.030976,0.178458,0.000000,0.142675,0.096863,-0.133280,-0.207620,0.284441,-0.016864,-0.060224,0.040416
1781609640927665416,2026-06-16T18:34:00.927682,prediction,-0.127382,0.460000,0.087339,True,-0.077151,0.445905,0.096742,0.050231,0.014095,0.009404,4.99,20,0.068091,0.587446,0.446625,0.094679,0.030976,0.178458,0.000000,0.142675,0.096863,-0.133280,-0.207620,0.284441,-0.016864,-0.060224,0.040416
1781609640959251044,2026-06-16T18:34:00.959280,prediction,-0.126898,0.465000,0.087456,True,-0.076979,0.453905,0.095523,0.049919,0.011095,0.008067,5.60,20,0.070963,0.596978,0.445589,0.094679,0.030976,0.178458,0.000000,0.142675,0.096863,-0.133280,-0.207620,0.284441,-0.016864,-0.060224,0.040416
1781609640992550975,2026-06-16T18:34:00.992570,prediction,-0.131040,0.454000,0.087198,True,-0.078691,0.456108,0.095645,0.052348,0.002108,0.008448,4.66,20,0.070963,0.596978,0.445589,0.094679,0.027487,0.173223,0.000000,0.142675,0.094244,-0.140420,-0.209160,0.280955,-0.016544,-0.058400,0.042304
1781609641024284601,2026-06-16T18:34:01.024303,prediction,-0.139534,0.431000,0.086657,True,-0.086658,0.450679,0.096036,0.052876,0.019679,0.009379,4.73,20,0.073472,0.606601,0.444444,0.079847,0.001307,0.094679,0.000000,0.096863,0.078096,-0.094220,-0.378420,0.271327,-0.016544,-0.056384,0.036864
1781609641057016882,2026-06-16T18:34:01.057033,prediction,-0.138510,0.471000,0.084544,True,-0.086995,0.458679,0.094313,0.051515,0.012321,0.009768,4.42,20,0.073472,0.606601,0.444444,0.070243,0.000000,0.087697,0.000000,0.089005,0.069807,-0.117740,-0.377580,0.280291,-0.017312,-0.050656,0.034784
1781609641090002067,2026-06-16T18:34:01.090019,prediction,-0.140927,0.477000,0.084695,True,-0.084823,0.466679,0.093689,0.056105,0.010321,0.008994,4.68,20,0.076167,0.616281,0.443199,0.057156,0.003051,0.085519,0.000000,0.072857,0.056279,-0.098560,-0.149660,0.276307,-0.018208,-0.051328,0.034240
1781609641120228292,2026-06-16T18:34:01.120247,prediction,-0.147655,0.471000,0.081492,True,-0.085556,0.469258,0.091984,0.062099,0.001742,0.010492,4.09,20,0.076167,0.616281,0.443199,0.045814,0.021378,0.091192,0.000000,0.070249,0.043193,-0.094220,-0.098560,0.287844,-0.019776,-0.051040,0.034912
1781609641150271684,2026-06-16T18:34:01.150291,prediction,-0.153082,0.477000,0.081653,True,-0.090965,0.469601,0.091595,0.062117,0.007399,0.009943,4.44,20,0.078552,0.625746,0.441855,0.034465,0.041012,0.103846,0.000000,0.067188,0.034903,-0.095060,-0.087080,0.303365,-0.021760,-0.052160,0.030336
1781609641182244768,2026-06-16T18:34:01.182265,prediction,-0.159159,0.477000,0.081653,True,-0.093796,0.471634,0.092048,0.065363,0.005366,0.010396,4.79,20,0.078552,0.625746,0.441855,0.034465,0.041012,0.103846,0.000000,0.067188,0.034903,-0.095060,-0.087080,0.303365,-0.021760,-0.052160,0.030336
1781609641215118866,2026-06-16T18:34:01.215137,prediction,-0.162044,0.504000,0.082376,True,-0.095923,0.479634,0.091017,0.066121,0.024366,0.008642,4.54,20,0.081195,0.635330,0.440385,0.034465,0.041012,0.103846,0.000000,0.067188,0.034903,-0.095060,-0.087080,0.303365,-0.021760,-0.052160,0.030336
1781609641250447473,2026-06-16T18:34:01.250461,prediction,-0.169976,0.488000,0.081947,True,-0.097119,0.487144,0.091179,0.072857,0.000856,0.009232,3.95,20,0.081195,0.635330,0.440385,0.034465,0.041012,0.103846,0.000000,0.067188,0.034903,-0.095060,-0.087080,0.303365,-0.021760,-0.052160,0.030336
1781609641286388779,2026-06-16T18:34:01.286406,prediction,-0.167303,0.510000,0.082536,True,-0.102053,0.495144,0.090953,0.065250,0.014856,0.008416,4.26,20,0.084003,0.644807,0.438842,0.034465,0.041012,0.103846,0.000000,0.067188,0.034903,-0.095060,-0.087080,0.303365,-0.021760,-0.052160,0.030336
1781609641315598915,2026-06-16T18:34:01.315619,prediction,-0.170288,0.510000,0.082536,True,-0.105414,0.500597,0.091713,0.064873,0.009403,0.009177,4.45,20,0.084003,0.644807,0.438842,0.034465,0.041012,0.103846,0.000000,0.067188,0.034903,-0.095060,-0.087080,0.303365,-0.021760,-0.052160,0.030336
1781609641344322762,2026-06-16T18:34:01.344337,prediction,-0.173272,0.510000,0.082536,True,-0.105526,0.496236,0.092989,0.067746,0.013764,0.010452,4.13,20,0.087142,0.654132,0.437364,0.014831,0.148784,0.217291,0.000000,0.064568,0.016137,0.070280,-0.110040,0.327933,-0.027616,-0.053280,-0.028160
1781609641374280554,2026-06-16T18:34:01.374298,prediction,-0.174021,0.504000,0.082376,True,-0.104977,0.488236,0.094788,0.069044,0.015764,0.012412,4.07,20,0.087142,0.654132,0.437364,0.021378,0.160133,0.230377,0.000000,0.070249,0.019198,0.079240,-0.110880,0.324613,-0.027776,-0.051424,-0.030624
1781609641407985102,2026-06-16T18:34:01.407997,prediction,-0.172337,0.541000,0.080429,True,-0.108377,0.496236,0.092922,0.063960,0.044764,0.012493,4.25,20,0.090512,0.663494,0.436102,0.022685,0.166673,0.239976,0.000000,0.070249,0.023995,0.079660,-0.094780,0.335486,-0.027616,-0.056064,-0.029440
1781609641444404477,2026-06-16T18:34:01.444421,prediction,-0.172969,0.536000,0.080287,True,-0.105296,0.494642,0.092907,0.067674,0.041358,0.012620,4.11,20,0.090512,0.663494,0.436102,0.023122,0.169730,0.243470,0.000000,0.072426,0.024426,0.092960,-0.085820,0.336150,-0.028064,-0.056224,-0.028736
1781609641478221238,2026-06-16T18:34:01.478237,prediction,-0.173602,0.531000,0.080145,True,-0.106177,0.493237,0.093271,0.067425,0.037763,0.013126,4.23,20,0.094149,0.672781,0.434980,0.023122,0.169730,0.243470,0.000000,0.072426,0.024426,0.092960,-0.085820,0.336150,-0.028064,-0.056224,-0.028736
1781609641513793737,2026-06-16T18:34:01.513811,prediction,-0.172024,0.520000,0.076860,True,-0.105781,0.485237,0.092091,0.066243,0.034763,0.015231,4.13,20,0.094149,0.672781,0.434980,0.023122,0.169730,0.243470,0.000000,0.072426,0.024426,0.092960,-0.085820,0.336150,-0.028064,-0.056224,-0.028736
1781609641545794682,2026-06-16T18:34:01.545808,prediction,-0.172024,0.520000,0.076860,True,-0.106798,0.485527,0.091513,0.065226,0.034473,0.014653,4.10,20,0.097974,0.681955,0.433932,0.023122,0.169730,0.243470,0.000000,0.072426,0.024426,0.092960,-0.085820,0.336150,-0.028064,-0.056224,-0.028736
1781609641574965007,2026-06-16T18:34:01.574983,prediction,-0.172648,0.515000,0.073729,True,-0.105272,0.482438,0.089080,0.067376,0.032562,0.015350,4.31,20,0.097974,0.681955,0.433932,0.023122,0.169730,0.243470,0.000000,0.072426,0.024426,0.092960,-0.085820,0.336150,-0.028064,-0.056224,-0.028736
1781609641608807819,2026-06-16T18:34:01.608822,prediction,-0.173602,0.531000,0.074237,True,-0.104663,0.484271,0.089313,0.068939,0.046729,0.015076,4.46,20,0.102037,0.690997,0.432887,0.029669,0.192422,0.273144,0.000000,0.081158,0.032284,0.097580,-0.139440,0.317973,-0.033632,-0.048320,-0.031456
1781609641641994897,2026-06-16T18:34:01.642011,prediction,-0.175624,0.515000,0.073729,True,-0.102855,0.476271,0.090663,0.072769,0.038729,0.016934,4.33,20,0.102037,0.690997,0.432887,0.029231,0.194166,0.269210,0.000000,0.080716,0.032284,0.105000,-0.154980,0.345280,-0.036192,-0.057440,-0.033280
1781609641679085784,2026-06-16T18:34:01.679100,prediction,-0.174992,0.520000,0.073888,True,-0.110190,0.484271,0.088557,0.064803,0.035729,0.014669,4.54,20,0.106420,0.699927,0.431863,0.029231,0.192422,0.271396,0.000000,0.080716,0.029665,0.089180,-0.142240,0.348849,-0.038304,-0.052608,-0.034912
1781609641710164021,2026-06-16T18:34:01.710183,prediction,-0.177192,0.526000,0.074078,True,-0.115123,0.492271,0.086912,0.062068,0.033729,0.012834,4.32,20,0.106420,0.699927,0.431863,0.027925,0.192853,0.274883,0.000000,0.080716,0.026614,0.085120,-0.144340,0.339968,-0.039360,-0.052096,-0.032960
1781609641743866718,2026-06-16T18:34:01.743886,prediction,-0.177556,0.546000,0.074713,True,-0.117050,0.500271,0.086857,0.060506,0.045729,0.012145,4.23,20,0.111175,0.708246,0.430773,0.026174,0.192853,0.274883,0.000000,0.080716,0.026614,0.063140,-0.151480,0.329427,-0.040256,-0.055040,-0.030848
1781609641774340165,2026-06-16T18:34:01.774352,prediction,-0.179036,0.557000,0.075061,True,-0.118816,0.508271,0.086715,0.060221,0.048729,0.011653,4.29,20,0.111175,0.708246,0.430773,0.021378,0.191108,0.273144,0.000000,0.083766,0.021375,0.079660,-0.179760,0.343205,-0.042688,-0.052608,-0.028896
1781609641816255171,2026-06-16T18:34:01.816270,prediction,-0.180614,0.567000,0.075379,True,-0.122334,0.516271,0.086781,0.058280,0.050729,0.011402,3.83,20,0.115705,0.714738,0.429730,0.019634,0.191108,0.271396,0.000000,0.083335,0.018756,0.089180,-0.178220,0.341628,-0.043136,-0.052096,-0.030944
1781609641850166326,2026-06-16T18:34:01.850196,prediction,-0.186332,0.546000,0.074713,True,-0.127245,0.524271,0.086705,0.059087,0.021729,0.011993,4.22,20,0.115705,0.714738,0.429730,0.019634,0.191108,0.271396,0.000000,0.083335,0.018756,0.089180,-0.178220,0.341628,-0.043136,-0.052096,-0.030944
1781609641882894059,2026-06-16T18:34:01.882912,prediction,-0.187758,0.557000,0.075061,True,-0.133580,0.532271,0.086392,0.054178,0.024729,0.011331,4.20,20,0.119873,0.719642,0.428665,0.019634,0.191108,0.271396,0.000000,0.083335,0.018756,0.089180,-0.178220,0.341628,-0.043136,-0.052096,-0.030944
1781609641916320150,2026-06-16T18:34:01.916338,prediction,-0.188597,0.572000,0.075537,True,-0.135516,0.540271,0.085643,0.053080,0.031729,0.010106,6.31,20,0.119873,0.719642,0.428665,0.017889,0.189364,0.270958,0.000000,0.083335,0.021375,0.087920,-0.169820,0.336814,-0.043424,-0.053984,-0.029280
1781609641942487105,2026-06-16T18:34:01.942506,prediction,-0.190084,0.582000,0.075854,True,-0.135081,0.548271,0.085696,0.055003,0.033729,0.009842,4.97,20,0.123970,0.724204,0.427549,0.017889,0.189364,0.270958,0.000000,0.083335,0.021375,0.087920,-0.169820,0.336814,-0.043424,-0.053984,-0.029280
1781609641976494174,2026-06-16T18:34:01.976512,prediction,-0.189386,0.587000,0.076013,True,-0.137309,0.556271,0.085260,0.052077,0.030729,0.009247,4.34,20,0.123970,0.724204,0.427549,0.003051,0.179328,0.277069,0.000000,0.094675,0.002609,0.086380,-0.173880,0.343205,-0.051936,-0.058496,-0.030560
1781609642015116878,2026-06-16T18:34:02.015131,prediction,-0.192244,0.587000,0.076013,True,-0.138416,0.559006,0.085909,0.053828,0.027994,0.009896,4.52,20,0.127734,0.729597,0.426585,0.000000,0.179766,0.280556,0.000000,0.102533,0.000000,0.058800,-0.189980,0.339387,-0.053216,-0.058048,-0.025344
1781609642048586127,2026-06-16T18:34:02.048601,prediction,-0.192244,0.587000,0.076013,True,-0.141216,0.567006,0.084518,0.051029,0.019994,0.008505,7.14,20,0.127734,0.729597,0.426585,0.001744,0.178022,0.282304,0.000000,0.102533,0.002609,-0.015400,-0.189280,0.328763,-0.054720,-0.059680,-0.009632
1781609642080442950,2026-06-16T18:34:02.080462,prediction,-0.194388,0.592000,0.076171,True,-0.144101,0.575006,0.083761,0.050287,0.016994,0.007590,5.85,20,0.131416,0.736248,0.425796,0.001744,0.178022,0.280556,0.000000,0.105152,0.000000,-0.061040,-0.204540,0.341296,-0.054720,-0.058048,0.008864
1781609642110967022,2026-06-16T18:34:02.110986,prediction,-0.196516,0.597000,0.076330,True,-0.146806,0.583006,0.083413,0.049710,0.013994,0.007083,4.51,20,0.131416,0.736248,0.425796,0.010029,0.174964,0.282304,0.000000,0.102091,0.013517,-0.084000,-0.178780,0.342873,-0.056384,-0.056832,0.022208
1781609642146897441,2026-06-16T18:34:02.146919,prediction,-0.195266,0.625000,0.074418,True,-0.146056,0.591006,0.080178,0.049211,0.033994,0.005760,4.54,20,0.135423,0.744209,0.425141,0.014831,0.174533,0.280995,0.000000,0.105152,0.016137,-0.098140,-0.203980,0.350924,-0.056992,-0.058272,0.028736
1781609642177656944,2026-06-16T18:34:02.177676,prediction,-0.199392,0.616000,0.071304,True,-0.144988,0.599006,0.077361,0.054404,0.016994,0.006057,4.33,20,0.135423,0.744209,0.425141,0.014831,0.174533,0.278809,0.000000,0.105152,0.016579,-0.099120,-0.218120,0.341296,-0.056832,-0.057600,0.027456
1781609642215519893,2026-06-16T18:34:02.215541,prediction,-0.202202,0.616000,0.068489,True,-0.146711,0.607006,0.075040,0.055492,0.008994,0.006550,4.82,20,0.139361,0.753400,0.424244,0.014831,0.174533,0.278809,0.000000,0.105152,0.016579,-0.099120,-0.218120,0.341296,-0.056832,-0.057600,0.027456
1781609642248008068,2026-06-16T18:34:02.248030,prediction,-0.202898,0.630000,0.069002,True,-0.150612,0.615006,0.073785,0.052287,0.014994,0.004782,4.87,20,0.139361,0.753400,0.424244,0.014831,0.174533,0.278809,0.000000,0.105152,0.016579,-0.099120,-0.218120,0.341296,-0.056832,-0.057600,0.027456
1781609642279675954,2026-06-16T18:34:02.279700,prediction,-0.204153,0.658000,0.067283,True,-0.151667,0.623006,0.069971,0.052486,0.034994,0.002688,4.89,20,0.142649,0.762776,0.423265,0.014831,0.174533,0.278809,0.000000,0.105152,0.016579,-0.099120,-0.218120,0.341296,-0.056832,-0.057600,0.027456
1781609642318067624,2026-06-16T18:34:02.318096,prediction,-0.207702,0.635000,0.063619,True,-0.149854,0.631006,0.066336,0.057847,0.003994,0.002716,5.19,20,0.142649,0.762776,0.423265,0.014831,0.174533,0.278809,0.000000,0.105152,0.016579,-0.099120,-0.218120,0.341296,-0.056832,-0.057600,0.027456
1781609642349006953,2026-06-16T18:34:02.349023,prediction,-0.207085,0.639000,0.063779,True,-0.156595,0.639006,0.064323,0.050489,0.000006,0.000544,4.45,20,0.145589,0.772235,0.422029,0.037523,0.132208,0.204637,0.000000,0.072426,0.034903,-0.105280,-0.261240,0.300875,-0.056544,-0.052928,0.033504
1781609642381199194,2026-06-16T18:34:02.381223,prediction,-0.207085,0.639000,0.063779,True,-0.160700,0.647006,0.062213,0.046384,0.008006,0.001566,5.14,20,0.145589,0.772235,0.422029,0.037523,0.122172,0.187618,0.000000,0.064568,0.040142,-0.123900,-0.266560,0.312744,-0.057280,-0.052832,0.034240
1781609642416815115,2026-06-16T18:34:02.416833,prediction,-0.207674,0.653000,0.064338,True,-0.161527,0.655006,0.060356,0.046147,0.002006,0.003982,5.07,20,0.148309,0.781761,0.420516,0.037960,0.119114,0.184131,0.000000,0.067188,0.040142,-0.126980,-0.268100,0.313823,-0.057888,-0.048544,0.033632
1781609642454916660,2026-06-16T18:34:02.454957,prediction,-0.206894,0.658000,0.064538,True,-0.159003,0.663006,0.059709,0.047892,0.005006,0.004828,4.77,20,0.148309,0.781761,0.420516,0.035778,0.112568,0.176272,0.000000,0.061949,0.034903,-0.145040,-0.261520,0.315566,-0.058944,-0.053664,0.033024
1781609642490591714,2026-06-16T18:34:02.490611,prediction,-0.207674,0.653000,0.064338,True,-0.160768,0.671006,0.060132,0.046906,0.018006,0.004206,4.68,20,0.150814,0.791303,0.418792,0.035778,0.115626,0.182383,0.000000,0.064568,0.032284,-0.097860,-0.242620,0.322953,-0.060000,-0.052384,0.034560
1781609642533028513,2026-06-16T18:34:02.533050,prediction,-0.206270,0.662000,0.064697,True,-0.164404,0.679006,0.058644,0.041866,0.017006,0.006053,4.54,20,0.150814,0.791303,0.418792,0.029231,0.120859,0.193291,0.000000,0.070249,0.032284,-0.113400,-0.245420,0.320546,-0.061056,-0.052000,0.031616
1781609642567730999,2026-06-16T18:34:02.567754,prediction,-0.208298,0.649000,0.064178,True,-0.165813,0.687006,0.058353,0.042485,0.038006,0.005826,4.90,20,0.153199,0.800906,0.416919,0.027925,0.124354,0.202458,0.000000,0.075046,0.027045,-0.108500,-0.258160,0.339636,-0.061792,-0.053152,0.032000
1781609642604735421,2026-06-16T18:34:02.604757,prediction,-0.201539,0.639000,0.063779,True,-0.163988,0.690556,0.058609,0.037551,0.051556,0.005170,5.37,20,0.153199,0.800906,0.416919,0.019634,0.137004,0.228637,0.000000,0.094675,0.021375,-0.114940,-0.247940,0.356817,-0.062560,-0.054944,0.029056
1781609642651175074,2026-06-16T18:34:02.651200,prediction,-0.200784,0.644000,0.066747,True,-0.168024,0.693776,0.060444,0.032760,0.049776,0.006303,5.05,20,0.155482,0.810352,0.415038,0.011342,0.150097,0.260050,0.000000,0.107772,0.013517,-0.110600,-0.221900,0.353497,-0.062848,-0.057440,0.028960
1781609642723796536,2026-06-16T18:34:02.723824,prediction,-0.199364,0.635000,0.066403,True,-0.169086,0.692405,0.061388,0.030278,0.057405,0.005015,8.36,20,0.157613,0.819932,0.413119,0.001744,0.171475,0.295828,0.000000,0.126970,0.000000,-0.106260,-0.240240,0.353497,-0.062720,-0.062464,0.027232
1781609642775989860,2026-06-16T18:34:02.776018,prediction,-0.200858,0.625000,0.063220,True,-0.169847,0.684557,0.060173,0.031011,0.059557,0.003047,5.34,20,0.159744,0.829597,0.411223,0.001744,0.176708,0.304996,0.000000,0.129147,0.000000,0.009240,-0.254800,0.368852,-0.062400,-0.062720,0.006016
1781609642818344087,2026-06-16T18:34:02.818368,prediction,-0.197312,0.611000,0.059838,True,-0.168557,0.676557,0.059586,0.028755,0.065557,0.000253,6.08,20,0.161874,0.839141,0.409390,0.001744,0.176708,0.304996,0.000000,0.129147,0.000000,0.009240,-0.254800,0.368852,-0.062400,-0.062720,0.006016
1781609642874899960,2026-06-16T18:34:02.874927,prediction,-0.195851,0.621000,0.054642,True,-0.169520,0.668557,0.056762,0.026331,0.047557,0.002120,7.35,20,0.164046,0.848752,0.407566,0.001744,0.176708,0.304996,0.000000,0.129147,0.000000,0.009240,-0.254800,0.368852,-0.062400,-0.062720,0.006016
1781609642914656308,2026-06-16T18:34:02.914680,prediction,-0.194493,0.611000,0.051371,True,-0.167302,0.660557,0.055187,0.027191,0.049557,0.003816,6.26,20,0.164046,0.848752,0.407566,0.005233,0.179766,0.310230,0.000000,0.129147,0.002609,0.064680,-0.256060,0.368852,-0.062240,-0.063904,-0.022208
1781609642955677402,2026-06-16T18:34:02.955694,prediction,-0.188961,0.630000,0.052254,True,-0.165131,0.661150,0.054830,0.023830,0.031150,0.002575,5.57,20,0.166352,0.858642,0.405590,0.023122,0.189364,0.315903,0.000000,0.126528,0.024426,0.078680,-0.273000,0.347355,-0.061056,-0.059456,-0.030400
1781609642994700429,2026-06-16T18:34:02.994718,prediction,-0.190246,0.621000,0.049030,True,-0.164043,0.654757,0.053559,0.026204,0.033757,0.004529,5.19,20,0.166352,0.858642,0.405590,0.026174,0.191108,0.312408,0.000000,0.123908,0.024426,0.085540,-0.269640,0.367275,-0.062848,-0.060000,-0.029344
1781609643030467197,2026-06-16T18:34:03.030485,prediction,-0.180598,0.630000,0.049463,True,-0.157274,0.650734,0.053216,0.023325,0.020734,0.003753,5.31,20,0.168557,0.867755,0.403659,0.025742,0.192853,0.314156,0.000000,0.123908,0.023995,0.079940,-0.277340,0.375741,-0.062624,-0.058784,-0.030464
1781609643065534964,2026-06-16T18:34:03.065552,prediction,-0.176585,0.639000,0.052673,True,-0.153179,0.651584,0.054467,0.023405,0.012584,0.001794,5.22,20,0.168557,0.867755,0.403659,0.025742,0.192853,0.314156,0.000000,0.123908,0.023995,0.079940,-0.277340,0.375741,-0.062624,-0.058784,-0.030464
1781609643102187455,2026-06-16T18:34:03.102208,prediction,-0.173812,0.639000,0.052673,True,-0.149399,0.649193,0.055521,0.024413,0.010193,0.002848,5.02,20,0.170530,0.877326,0.401455,0.025742,0.192853,0.314156,0.000000,0.123908,0.023995,0.079940,-0.277340,0.375741,-0.062624,-0.058784,-0.030464
1781609643139518116,2026-06-16T18:34:03.139538,prediction,-0.174763,0.611000,0.051371,True,-0.146122,0.641193,0.055587,0.028641,0.030193,0.004216,4.87,20,0.172264,0.886934,0.399120,0.025742,0.192853,0.314156,0.000000,0.123908,0.023995,0.079940,-0.277340,0.375741,-0.062624,-0.058784,-0.030464
1781609643171882492,2026-06-16T18:34:03.171916,prediction,-0.170105,0.625000,0.052022,True,-0.141876,0.635052,0.055702,0.028229,0.010052,0.003680,4.84,20,0.172264,0.886934,0.399120,0.025742,0.192853,0.314156,0.000000,0.123908,0.023995,0.079940,-0.277340,0.375741,-0.062624,-0.058784,-0.030464
1781609643204320895,2026-06-16T18:34:03.204342,prediction,-0.166307,0.611000,0.051371,True,-0.136702,0.627910,0.056556,0.029604,0.016910,0.005185,4.83,20,0.172264,0.886934,0.399120,0.026174,0.192853,0.315903,0.000000,0.123908,0.023995,0.073080,-0.286720,0.386531,-0.063680,-0.058624,-0.030944
1781609643237788962,2026-06-16T18:34:03.237808,prediction,-0.166947,0.606000,0.051138,True,-0.136017,0.619910,0.057565,0.030930,0.013910,0.006426,4.82,20,0.172763,0.894643,0.396757,0.029669,0.199400,0.328989,0.000000,0.132208,0.029665,0.069020,-0.304080,0.373500,-0.065728,-0.061888,-0.032672
1781609643268260619,2026-06-16T18:34:03.268274,prediction,-0.166307,0.611000,0.051371,True,-0.131186,0.611910,0.058969,0.035121,0.000910,0.007599,4.20,20,0.172763,0.894643,0.396757,0.029669,0.199400,0.328989,0.000000,0.132208,0.029665,0.069020,-0.304080,0.373500,-0.065728,-0.061888,-0.032672
1781609643303378777,2026-06-16T18:34:03.303400,prediction,-0.166307,0.611000,0.051371,True,-0.125370,0.603910,0.060549,0.040937,0.007090,0.009178,4.44,20,0.166127,0.887956,0.394828,0.029669,0.199400,0.328989,0.000000,0.132208,0.029665,0.069020,-0.304080,0.373500,-0.065728,-0.061888,-0.032672
1781609643339140313,2026-06-16T18:34:03.339160,prediction,-0.167828,0.621000,0.051836,True,-0.126083,0.604330,0.061390,0.041745,0.016670,0.009554,4.45,20,0.165025,0.885993,0.394807,0.029669,0.199400,0.328989,0.000000,0.132208,0.029665,0.069020,-0.304080,0.373500,-0.065728,-0.061888,-0.032672
1781609643371845031,2026-06-16T18:34:03.371862,prediction,-0.167309,0.625000,0.052022,True,-0.118328,0.596330,0.063381,0.048981,0.028670,0.011359,4.35,20,0.165025,0.885993,0.394807,0.029669,0.199400,0.328989,0.000000,0.132208,0.029665,0.069020,-0.304080,0.373500,-0.065728,-0.061888,-0.032672
1781609643401979431,2026-06-16T18:34:03.401999,prediction,-0.166012,0.635000,0.052487,True,-0.117003,0.596181,0.063683,0.049009,0.038819,0.011196,4.33,20,0.165025,0.885993,0.394807,0.027925,0.196348,0.330736,0.000000,0.131766,0.029665,0.067480,-0.271460,0.382713,-0.066304,-0.058560,-0.033408
1781609643431536444,2026-06-16T18:34:03.431558,prediction,-0.164845,0.644000,0.052905,True,-0.111583,0.594287,0.064180,0.053262,0.049713,0.011275,4.57,20,0.162523,0.882278,0.394911,0.026174,0.200706,0.344261,0.000000,0.142675,0.027045,0.063140,-0.309680,0.380555,-0.070016,-0.060288,-0.032960
1781609643465334721,2026-06-16T18:34:03.465356,prediction,-0.168512,0.658000,0.053556,True,-0.113910,0.602287,0.064378,0.054603,0.055713,0.010822,4.27,20,0.162523,0.882278,0.394911,0.026174,0.201144,0.345569,0.000000,0.143106,0.026614,0.074340,-0.320460,0.395495,-0.070848,-0.062240,-0.032896
1781609643495087221,2026-06-16T18:34:03.495108,prediction,-0.169177,0.653000,0.053324,True,-0.108963,0.596430,0.065663,0.060214,0.056570,0.012340,4.12,20,0.158911,0.876770,0.395222,0.026174,0.200706,0.343829,0.000000,0.145726,0.026614,0.065380,-0.315840,0.397404,-0.070400,-0.057120,-0.032576
1781609643523746337,2026-06-16T18:34:03.523766,prediction,-0.170042,0.667000,0.053975,True,-0.114771,0.604430,0.064847,0.055271,0.062570,0.010873,4.28,20,0.158911,0.876770,0.395222,0.026174,0.200706,0.343829,0.000000,0.145726,0.026614,0.065380,-0.315840,0.397404,-0.070400,-0.057120,-0.032576
1781609643555385674,2026-06-16T18:34:03.555407,prediction,-0.169504,0.671000,0.054161,True,-0.115632,0.612430,0.064698,0.053872,0.058570,0.010538,4.28,20,0.153940,0.869426,0.395947,0.026174,0.200706,0.343829,0.000000,0.145726,0.026614,0.065380,-0.315840,0.397404,-0.070400,-0.057120,-0.032576
1781609643589176994,2026-06-16T18:34:03.589197,prediction,-0.169504,0.671000,0.054161,True,-0.117952,0.620430,0.064542,0.051552,0.050570,0.010381,4.29,20,0.153940,0.869426,0.395947,0.026174,0.200706,0.343829,0.000000,0.145726,0.026614,0.065380,-0.315840,0.397404,-0.070400,-0.057120,-0.032576
1781609643619091226,2026-06-16T18:34:03.619108,prediction,-0.170316,0.685000,0.054812,True,-0.124674,0.628430,0.063934,0.045643,0.056570,0.009123,4.12,20,0.148213,0.861320,0.397085,0.034034,0.189364,0.319829,0.000000,0.134386,0.032715,0.079240,-0.374080,0.375741,-0.069120,-0.054656,-0.031008
1781609643651069432,2026-06-16T18:34:03.651084,prediction,-0.170316,0.685000,0.054812,True,-0.125728,0.636430,0.063972,0.044588,0.048570,0.009160,4.29,20,0.148213,0.861320,0.397085,0.037523,0.161439,0.267471,0.000000,0.099482,0.035335,0.064680,-0.395500,0.324613,-0.065184,-0.054496,-0.031616
1781609643686471288,2026-06-16T18:34:03.686492,prediction,-0.170998,0.680000,0.054579,True,-0.128585,0.644430,0.062848,0.042413,0.035570,0.008269,4.60,20,0.142421,0.853262,0.398464,0.037523,0.142243,0.221217,0.000000,0.078096,0.037523,0.050400,-0.440440,0.305938,-0.064576,-0.050432,-0.032288
1781609643720399137,2026-06-16T18:34:03.720415,prediction,-0.169771,0.689000,0.054998,True,-0.130992,0.652430,0.062378,0.038780,0.036570,0.007380,4.45,20,0.142421,0.853262,0.398464,0.037523,0.092934,0.124352,0.000000,0.029665,0.040142,0.063420,-0.496300,0.291994,-0.064672,-0.042816,-0.036512
1781609643750291154,2026-06-16T18:34:03.750309,prediction,-0.168831,0.676000,0.054393,True,-0.127850,0.653273,0.062452,0.040981,0.022727,0.008058,5.96,20,0.137003,0.846710,0.400026,0.037523,0.047558,0.044499,0.000000,0.000000,0.040573,0.057260,-0.485660,0.274481,-0.064672,-0.031840,-0.033856
1781609643779946097,2026-06-16T18:34:03.779968,prediction,-0.167619,0.685000,0.054812,True,-0.132321,0.661273,0.061056,0.035299,0.023727,0.006244,4.51,20,0.137003,0.846710,0.400026,0.035778,0.027925,0.011339,0.000000,0.005228,0.037523,0.052080,-0.468720,0.252071,-0.064288,0.018656,-0.034080
1781609643816384376,2026-06-16T18:34:03.816401,prediction,-0.167081,0.689000,0.054998,True,-0.131304,0.669273,0.060945,0.035777,0.019727,0.005947,7.41,20,0.132007,0.842317,0.401598,0.034465,0.006540,0.065013,0.000000,0.056721,0.032284,0.038640,-0.748300,0.032204,-0.063392,0.053888,-0.034688
1781609643846415507,2026-06-16T18:34:03.846429,prediction,-0.167081,0.689000,0.054998,True,-0.131324,0.675176,0.060945,0.035757,0.013824,0.005947,5.44,20,0.132007,0.842317,0.401598,0.030976,0.035778,0.107772,0.000000,0.078096,0.032284,0.039620,-0.819560,0.020667,-0.062944,0.054208,-0.032352
1781609643880366726,2026-06-16T18:34:03.880380,prediction,-0.166542,0.693000,0.055184,True,-0.133927,0.683176,0.060283,0.032616,0.009824,0.005099,3.96,20,0.133283,0.852695,0.401592,0.026174,0.057156,0.152710,0.000000,0.096863,0.027045,0.022540,-0.876260,0.020501,-0.064352,0.057664,-0.031744
1781609643919034895,2026-06-16T18:34:03.919054,prediction,-0.165869,0.698000,0.055416,True,-0.135205,0.691176,0.060164,0.030665,0.006824,0.004747,7.63,20,0.133283,0.852695,0.401592,0.026174,0.057156,0.152710,0.000000,0.096863,0.027045,0.022540,-0.876260,0.020501,-0.064352,0.057664,-0.031744
1781609643958503728,2026-06-16T18:34:03.958523,prediction,-0.165869,0.698000,0.055416,True,-0.138961,0.699176,0.059526,0.026908,0.001176,0.004110,4.30,20,0.133830,0.854856,0.401492,0.026174,0.057156,0.152710,0.000000,0.096863,0.027045,0.022540,-0.876260,0.020501,-0.064352,0.057664,-0.031744
1781609643994112253,2026-06-16T18:34:03.994133,prediction,-0.164922,0.685000,0.054812,True,-0.139982,0.701752,0.059318,0.024940,0.016752,0.004506,6.61,20,0.133830,0.854856,0.401492,0.024429,0.070243,0.176710,0.000000,0.102533,0.027045,0.038640,-0.849380,0.010209,-0.066176,0.055616,-0.029280
1781609644026821119,2026-06-16T18:34:04.026839,prediction,-0.164922,0.685000,0.054812,True,-0.146740,0.708207,0.057985,0.018182,0.023207,0.003173,4.43,20,0.135210,0.859053,0.401228,0.025742,0.119114,0.234310,0.000000,0.116061,0.024426,0.046760,-0.833560,0.010043,-0.065568,0.054720,-0.033280
1781609644058591891,2026-06-16T18:34:04.058626,prediction,-0.163193,0.698000,0.055416,True,-0.146469,0.716207,0.057473,0.016724,0.018207,0.002056,4.54,20,0.135210,0.859053,0.401228,0.031414,0.142243,0.271396,0.000000,0.132208,0.032284,0.067480,-0.804440,-0.012284,-0.064800,0.057056,-0.034176
1781609644091268953,2026-06-16T18:34:04.091286,prediction,-0.160517,0.698000,0.052737,True,-0.143691,0.724207,0.055509,0.016826,0.026207,0.002773,4.49,20,0.137168,0.865423,0.400833,0.034034,0.150097,0.284482,0.000000,0.137436,0.034903,0.070000,-0.815920,-0.002490,-0.065728,0.052608,-0.036192
1781609644129100830,2026-06-16T18:34:04.129124,prediction,-0.161699,0.689000,0.052303,True,-0.142963,0.719513,0.055037,0.018736,0.030513,0.002734,4.90,20,0.137168,0.865423,0.400833,0.039267,0.160133,0.301063,0.000000,0.140056,0.040573,0.083300,-0.824180,0.005893,-0.066304,0.054560,-0.036960
1781609644162457626,2026-06-16T18:34:04.162473,prediction,-0.160517,0.698000,0.052737,True,-0.143821,0.727513,0.054443,0.016696,0.029513,0.001706,4.66,20,0.139462,0.873976,0.400259,0.042756,0.163184,0.301063,0.000000,0.137436,0.045812,0.059780,-0.819840,0.011205,-0.068288,0.058336,-0.033952
1781609644196681891,2026-06-16T18:34:04.196696,prediction,-0.158490,0.693000,0.052496,True,-0.141669,0.732461,0.053749,0.016821,0.039461,0.001253,4.64,20,0.139462,0.873976,0.400259,0.045814,0.160133,0.280556,0.000000,0.123908,0.045812,0.082460,-0.748860,0.040421,-0.071296,0.055328,-0.033728
1781609644227045326,2026-06-16T18:34:04.227060,prediction,-0.157841,0.698000,0.052737,True,-0.162384,0.694000,0.053888,0.004543,0.004000,0.001152,0.00,20,0.141648,0.883678,0.399500,0.044069,0.145732,0.254377,0.000000,0.110391,0.048432,0.084840,-0.730660,0.047808,-0.073536,0.048704,-0.034784
1781609644264892613,2026-06-16T18:34:04.264911,prediction,-0.155806,0.693000,0.049808,True,-0.162384,0.694000,0.053888,0.006578,0.001000,0.004080,0.00,20,0.141648,0.883678,0.399500,0.047558,0.112568,0.189365,0.000000,0.072857,0.051040,0.076440,-0.680960,0.090138,-0.075520,0.045920,-0.034624
1781609644298811363,2026-06-16T18:34:04.298828,prediction,-0.153627,0.689000,0.049609,True,-0.162384,0.694000,0.053888,0.008757,0.005000,0.004279,0.00,20,0.144356,0.893262,0.398650,0.047120,0.063703,0.092931,0.000000,0.029665,0.045812,0.072800,-0.638820,0.127405,-0.075040,0.039520,-0.035136
1781609644333630783,2026-06-16T18:34:04.333646,prediction,-0.152060,0.680000,0.049161,True,-0.162384,0.694000,0.053888,0.010324,0.014000,0.004727,0.00,20,0.144356,0.893262,0.398650,0.044069,0.034465,0.041012,0.000000,0.002609,0.045812,0.073780,-0.619920,0.132800,-0.074144,0.039072,-0.035520
1781609644368691695,2026-06-16T18:34:04.368709,prediction,-0.147138,0.698000,0.047377,True,-0.162384,0.694000,0.053888,0.015246,0.004000,0.006511,0.00,20,0.147693,0.902700,0.397688,0.037523,0.006540,0.038826,0.000000,0.035335,0.037523,0.050400,-0.423640,0.325194,-0.074464,-0.047712,-0.032512
1781609644401491149,2026-06-16T18:34:04.401505,prediction,-0.143366,0.662000,0.045526,True,-0.162384,0.694000,0.053888,0.019018,0.032000,0.008362,0.00,20,0.147693,0.902700,0.397688,0.032720,0.024429,0.070686,0.000000,0.051482,0.032284,0.044520,-0.372820,0.358892,-0.074144,-0.051552,-0.031392
1781609644433658410,2026-06-16T18:34:04.433675,prediction,-0.137321,0.667000,0.045783,True,-0.162384,0.694000,0.053888,0.025063,0.027000,0.008105,0.00,20,0.151775,0.911832,0.396585,0.032720,0.024429,0.070686,0.000000,0.051482,0.032284,0.044520,-0.372820,0.358892,-0.074144,-0.051552,-0.031392
1781609644467145919,2026-06-16T18:34:04.467164,prediction,-0.134594,0.667000,0.043052,True,-0.162384,0.694000,0.053888,0.027790,0.027000,0.010836,0.00,20,0.151775,0.911832,0.396585,0.032720,0.024429,0.070686,0.000000,0.051482,0.032284,0.044520,-0.372820,0.358892,-0.074144,-0.051552,-0.031392
1781609644499350976,2026-06-16T18:34:04.499371,prediction,-0.129141,0.667000,0.043052,True,-0.162384,0.694000,0.053888,0.033243,0.027000,0.010836,0.00,20,0.156645,0.920332,0.395312,0.032720,0.024429,0.070686,0.000000,0.051482,0.032284,0.044520,-0.372820,0.358892,-0.074144,-0.051552,-0.031392
1781609644530963989,2026-06-16T18:34:04.530982,prediction,-0.125608,0.649000,0.042097,True,-0.162384,0.694000,0.053888,0.036776,0.045000,0.011791,0.00,20,0.156645,0.920332,0.395312,0.027925,0.044069,0.096865,0.000000,0.061949,0.029665,0.047320,-0.345240,0.353165,-0.073856,-0.054112,-0.031392
1781609644573231529,2026-06-16T18:34:04.573249,prediction,-0.121486,0.662000,0.042787,True,-0.154384,0.686000,0.052153,0.032898,0.024000,0.009366,6.73,20,0.162029,0.927146,0.393920,0.006540,0.106459,0.212057,0.000000,0.105152,0.005228,0.041160,-0.340060,0.384622,-0.072960,-0.054272,-0.029952
1781609644609569017,2026-06-16T18:34:04.609596,prediction,-0.121130,0.639000,0.041566,True,-0.146384,0.678000,0.051160,0.025254,0.039000,0.009594,4.99,20,0.166497,0.931933,0.392639,0.007853,0.117370,0.234310,0.000000,0.116061,0.005228,0.050120,-0.330680,0.395163,-0.073088,-0.057216,-0.032128
1781609644645933071,2026-06-16T18:34:04.645974,prediction,-0.119682,0.653000,0.042309,True,-0.138384,0.670000,0.051115,0.018702,0.017000,0.008805,6.78,20,0.166497,0.931933,0.392639,0.008285,0.137441,0.273575,0.000000,0.132208,0.007847,0.049280,-0.330680,0.395329,-0.073408,-0.063296,-0.031456
1781609644678891350,2026-06-16T18:34:04.678911,prediction,-0.120613,0.644000,0.041832,True,-0.130384,0.662000,0.052605,0.009771,0.018000,0.010773,5.00,20,0.167676,0.928586,0.391657,0.011342,0.158819,0.315903,0.000000,0.153584,0.010898,0.037800,-0.295960,0.397238,-0.072640,-0.067520,-0.032576
1781609644714873346,2026-06-16T18:34:04.714896,prediction,-0.121544,0.635000,0.041354,True,-0.122608,0.654000,0.053583,0.001064,0.019000,0.012229,5.04,20,0.167676,0.928586,0.391657,0.011342,0.171475,0.338156,0.000000,0.164492,0.010898,0.039060,-0.308140,0.422138,-0.072352,-0.066176,-0.032512
1781609644759906035,2026-06-16T18:34:04.760004,prediction,-0.121544,0.635000,0.041354,True,-0.116607,0.646000,0.053223,0.004937,0.011000,0.011869,9.89,20,0.167049,0.926393,0.391619,0.010029,0.182817,0.356476,0.000000,0.175401,0.013517,0.026040,-0.312760,0.413008,-0.071520,-0.067232,-0.032128
1781609644799268246,2026-06-16T18:34:04.799290,prediction,-0.116987,0.625000,0.043623,True,-0.108607,0.638000,0.056750,0.008380,0.013000,0.013127,5.43,20,0.167049,0.926393,0.391619,0.007853,0.191108,0.370008,0.000000,0.178021,0.010467,0.013580,-0.338100,0.402218,-0.070688,-0.069248,-0.032000
1781609644833284271,2026-06-16T18:34:04.833305,prediction,-0.115571,0.611000,0.042903,True,-0.104081,0.630000,0.057526,0.011489,0.019000,0.014623,4.68,20,0.165178,0.922546,0.391603,0.003051,0.194604,0.371748,0.000000,0.180640,0.002609,0.004620,-0.333760,0.407032,-0.069408,-0.065280,-0.030784
1781609644866269702,2026-06-16T18:34:04.866290,prediction,-0.116063,0.606000,0.045477,True,-0.099276,0.622000,0.061262,0.016787,0.016000,0.015786,4.91,20,0.165178,0.922546,0.391603,0.000000,0.192853,0.366083,0.000000,0.177579,0.000000,-0.045500,-0.351820,0.419565,-0.069024,-0.067744,-0.025344
1781609644901652902,2026-06-16T18:34:04.901678,prediction,-0.115571,0.611000,0.045726,True,-0.095080,0.614000,0.062230,0.020491,0.003000,0.016505,4.62,20,0.161604,0.917135,0.391730,0.001744,0.191108,0.366083,0.000000,0.175401,0.000000,-0.139160,-0.322700,0.403712,-0.069024,-0.067584,-0.005632
1781609644932463904,2026-06-16T18:34:04.932486,prediction,-0.115078,0.616000,0.045974,True,-0.088903,0.606000,0.063576,0.026175,0.010000,0.017602,4.43,20,0.161604,0.917135,0.391730,0.001744,0.191108,0.366083,0.000000,0.175401,0.000000,-0.139160,-0.322700,0.403712,-0.069024,-0.067584,-0.005632
1781609644965710576,2026-06-16T18:34:04.965727,prediction,-0.116063,0.606000,0.045477,True,-0.083849,0.598000,0.065254,0.032214,0.008000,0.019777,4.82,20,0.156148,0.910554,0.392153,0.001744,0.191108,0.366083,0.000000,0.175401,0.000000,-0.139160,-0.322700,0.403712,-0.069024,-0.067584,-0.005632
1781609645002742296,2026-06-16T18:34:05.002764,prediction,-0.115078,0.616000,0.045974,True,-0.079585,0.590000,0.065964,0.035493,0.026000,0.019989,5.00,20,0.156148,0.910554,0.392153,0.001744,0.191108,0.366083,0.000000,0.175401,0.000000,-0.139160,-0.322700,0.403712,-0.069024,-0.067584,-0.005632
1781609645032825729,2026-06-16T18:34:05.032846,prediction,-0.118389,0.611000,0.045726,True,-0.079671,0.582000,0.066653,0.038718,0.029000,0.020927,4.38,20,0.149321,0.903294,0.392908,0.001744,0.191108,0.366083,0.000000,0.175401,0.000000,-0.139160,-0.322700,0.403712,-0.069024,-0.067584,-0.005632
1781609645070870131,2026-06-16T18:34:05.070892,prediction,-0.124323,0.635000,0.046920,True,-0.076327,0.576600,0.066952,0.047996,0.058400,0.020032,4.40,20,0.149321,0.903294,0.392908,0.006540,0.191108,0.366083,0.000000,0.172351,0.002609,-0.168280,-0.333480,0.386697,-0.068416,-0.068288,0.015808
1781609645103917053,2026-06-16T18:34:05.103942,prediction,-0.123377,0.644000,0.047368,True,-0.071020,0.574080,0.068401,0.052357,0.069920,0.021032,4.60,20,0.142618,0.895797,0.393770,0.036209,0.117808,0.204637,0.000000,0.089005,0.035335,-0.186200,-0.499660,0.348683,-0.062176,-0.049152,0.034624
1781609645133310047,2026-06-16T18:34:05.133330,prediction,-0.127389,0.658000,0.048065,True,-0.073125,0.574864,0.068670,0.054264,0.083136,0.020605,4.26,20,0.142618,0.895797,0.393770,0.034465,0.086388,0.147037,0.000000,0.062391,0.034903,-0.193060,-0.514220,0.318969,-0.060512,-0.042368,0.035744
1781609645164648169,2026-06-16T18:34:05.164680,prediction,-0.129448,0.639000,0.047120,True,-0.076601,0.571691,0.068562,0.052847,0.067309,0.021442,4.50,20,0.136480,0.888122,0.394749,0.034465,0.086388,0.147037,0.000000,0.062391,0.034903,-0.193060,-0.514220,0.318969,-0.060512,-0.042368,0.035744
1781609645198846251,2026-06-16T18:34:05.198875,prediction,-0.134141,0.671000,0.048713,True,-0.079385,0.575553,0.068783,0.054756,0.095447,0.020071,4.50,20,0.136480,0.888122,0.394749,0.034465,0.086388,0.147037,0.000000,0.062391,0.034903,-0.193060,-0.514220,0.318969,-0.060512,-0.042368,0.035744
1781609645231439186,2026-06-16T18:34:05.231459,prediction,-0.135161,0.662000,0.048265,True,-0.082503,0.578490,0.069395,0.052657,0.083510,0.021130,4.44,20,0.130617,0.880103,0.395859,0.034465,0.086388,0.147037,0.000000,0.062391,0.034903,-0.193060,-0.514220,0.318969,-0.060512,-0.042368,0.035744
1781609645261607135,2026-06-16T18:34:05.261626,prediction,-0.137200,0.644000,0.047368,True,-0.079228,0.575592,0.070117,0.057972,0.068408,0.022749,4.59,20,0.130617,0.880103,0.395859,0.034465,0.065447,0.107772,0.003051,0.043193,0.032284,-0.181860,-0.498680,0.324779,-0.059776,-0.041312,0.035456
1781609645296909822,2026-06-16T18:34:05.296930,prediction,-0.136633,0.649000,0.047617,True,-0.085148,0.574274,0.068663,0.051485,0.074726,0.021045,4.91,20,0.125089,0.871866,0.397098,0.003051,0.060207,0.144858,0.000000,0.089005,0.005228,-0.146860,-0.860160,0.028718,-0.057504,0.057600,0.028224
1781609645329880195,2026-06-16T18:34:05.329896,prediction,-0.139964,0.644000,0.047368,True,-0.088273,0.573615,0.069297,0.051692,0.070385,0.021929,4.70,20,0.125089,0.871866,0.397098,0.001744,0.086388,0.187618,0.000000,0.099914,0.002609,0.023520,-0.842800,0.024153,-0.057280,0.058112,-0.003744
1781609645359028032,2026-06-16T18:34:05.359050,prediction,-0.140631,0.662000,0.045526,True,-0.089219,0.579679,0.067009,0.051411,0.082321,0.021483,4.10,20,0.119926,0.863304,0.398419,0.010029,0.095116,0.200711,0.000000,0.102533,0.010898,0.040180,-0.866320,0.028552,-0.057504,0.059328,-0.023040
1781609645387426218,2026-06-16T18:34:05.387446,prediction,-0.140631,0.662000,0.045526,True,-0.089285,0.583916,0.066790,0.051346,0.078084,0.021264,4.13,20,0.119926,0.863304,0.398419,0.016138,0.101225,0.215544,0.000000,0.110391,0.021375,0.057260,-0.899920,0.019505,-0.057504,0.061120,-0.028224
1781609645420797964,2026-06-16T18:34:05.420819,prediction,-0.139581,0.671000,0.045989,True,-0.094670,0.586577,0.065564,0.044911,0.084422,0.019575,4.08,20,0.115231,0.854637,0.399692,0.029231,0.119114,0.245217,0.000000,0.123908,0.032284,0.093800,-0.869120,0.013612,-0.055264,0.061344,-0.030464
1781609645449716821,2026-06-16T18:34:05.449737,prediction,-0.141238,0.680000,0.046452,True,-0.098370,0.594577,0.064291,0.042868,0.085422,0.017840,4.18,20,0.115231,0.854637,0.399692,0.041012,0.135697,0.271396,0.000000,0.140056,0.040142,0.078680,-0.832580,-0.006723,-0.054496,0.063008,-0.031008
1781609645478894707,2026-06-16T18:34:05.478912,prediction,-0.145022,0.671000,0.043265,True,-0.100186,0.595307,0.061943,0.044836,0.075693,0.018679,4.20,20,0.111027,0.845658,0.400917,0.045814,0.142243,0.282742,0.000000,0.145726,0.045812,0.073780,-0.815220,-0.000083,-0.054880,0.058560,-0.031456
1781609645512948883,2026-06-16T18:34:05.512967,prediction,-0.142774,0.667000,0.037591,True,-0.101529,0.596307,0.056901,0.041245,0.070693,0.019309,4.24,20,0.111027,0.845658,0.400917,0.048865,0.145295,0.295397,0.000000,0.148345,0.051040,0.051660,-0.829500,0.020169,-0.054880,0.060832,-0.032896
1781609645546668911,2026-06-16T18:34:05.546687,prediction,-0.148836,0.662000,0.026354,True,-0.109529,0.603512,0.048901,0.039306,0.058488,0.022546,4.31,20,0.107386,0.836263,0.401954,0.055412,0.156637,0.310230,0.000000,0.153584,0.056721,0.072800,-0.914760,0.021912,-0.055264,0.062176,-0.035904
1781609645578138915,2026-06-16T18:34:05.578155,prediction,-0.147135,0.676000,0.013656,True,-0.111178,0.611512,0.040901,0.035957,0.064488,0.027244,4.41,20,0.107386,0.836263,0.401954,0.055412,0.161877,0.312408,0.000000,0.153584,0.056721,0.084280,-0.904820,0.017928,-0.055328,0.061568,-0.035584
1781609645612106266,2026-06-16T18:34:05.612126,prediction,-0.148738,0.685000,0.006194,True,-0.112034,0.619512,0.032901,0.036704,0.065488,0.026707,4.42,20,0.105178,0.826623,0.401950,0.057156,0.171475,0.317643,0.000000,0.153584,0.058898,0.096040,-0.854000,-0.000747,-0.053760,0.062336,-0.034304
1781609645646167004,2026-06-16T18:34:05.646188,prediction,-0.151436,0.685000,0.000792,True,-0.110476,0.620356,0.025958,0.040960,0.064644,0.025166,4.16,20,0.105178,0.826623,0.401950,0.057156,0.173219,0.319390,0.000000,0.153584,0.059340,0.089180,-0.824880,-0.009296,-0.052992,0.064128,-0.034304
1781609645677105419,2026-06-16T18:34:05.677118,prediction,-0.149814,0.698000,0.001823,True,-0.114895,0.628356,0.020153,0.034918,0.069644,0.018330,4.12,20,0.104156,0.818241,0.400668,0.055412,0.173219,0.330736,0.000000,0.156634,0.056279,0.072100,-0.798840,0.003154,-0.052544,0.060000,-0.035584
1781609645710107461,2026-06-16T18:34:05.710122,prediction,-0.152559,0.676000,-0.002639,True,-0.114252,0.636356,0.013924,0.038306,0.039644,0.016563,4.03,20,0.104156,0.818241,0.400668,0.052354,0.169730,0.334662,0.000000,0.156203,0.053659,0.093520,-0.873180,0.012284,-0.052096,0.054656,-0.035584
1781609645747064114,2026-06-16T18:34:05.747082,prediction,-0.149314,0.702000,-0.003206,True,-0.117347,0.644356,0.008963,0.031968,0.057644,0.012169,4.29,20,0.110995,0.822830,0.389778,0.049303,0.178022,0.332483,0.000000,0.153584,0.048432,0.086380,-0.827960,0.017928,-0.052704,0.059104,-0.033280
1781609645783848866,2026-06-16T18:34:05.783866,prediction,-0.148815,0.706000,-0.002875,True,-0.112791,0.652356,0.007940,0.036024,0.053644,0.010815,4.09,20,0.110995,0.822830,0.389778,0.045814,0.179766,0.331175,0.000000,0.153584,0.048432,0.088340,-0.814660,0.001909,-0.052704,0.051776,-0.035520
1781609645818283677,2026-06-16T18:34:05.818302,prediction,-0.151478,0.706000,-0.002875,True,-0.114305,0.660356,0.007139,0.037173,0.045644,0.010014,4.07,20,0.111780,0.824330,0.388323,0.042318,0.178022,0.332483,0.000000,0.153584,0.043193,0.074060,-0.791700,-0.000747,-0.050720,0.056768,-0.031616
1781609645849605787,2026-06-16T18:34:05.849622,prediction,-0.150340,0.715000,-0.004783,True,-0.114216,0.668356,0.005156,0.036124,0.046644,0.009939,4.17,20,0.111780,0.824330,0.388323,0.037523,0.176277,0.336848,0.000000,0.156203,0.037523,0.075320,-0.844060,-0.003984,-0.050432,0.054112,-0.033504
1781609645881166128,2026-06-16T18:34:05.881181,prediction,-0.151984,0.702000,-0.005879,True,-0.111566,0.670064,0.004854,0.040418,0.031936,0.010733,4.07,20,0.113274,0.827311,0.385402,0.037523,0.176277,0.336848,0.000000,0.156203,0.037523,0.075320,-0.844060,-0.003984,-0.050432,0.054112,-0.033504
1781609645910863152,2026-06-16T18:34:05.910878,prediction,-0.151984,0.702000,-0.005879,True,-0.112961,0.675934,0.005018,0.039023,0.026066,0.010897,4.09,20,0.113274,0.827311,0.385402,0.037523,0.176277,0.336848,0.000000,0.156203,0.037523,0.075320,-0.844060,-0.003984,-0.050432,0.054112,-0.033504
1781609645947405443,2026-06-16T18:34:05.947421,prediction,-0.150846,0.711000,-0.007778,True,-0.110044,0.680391,0.004255,0.040802,0.030609,0.012033,3.96,20,0.115149,0.832135,0.381241,0.037523,0.176277,0.336848,0.000000,0.156203,0.037523,0.075320,-0.844060,-0.003984,-0.050432,0.054112,-0.033504
1781609645983351728,2026-06-16T18:34:05.983370,prediction,-0.151984,0.702000,-0.008552,True,-0.110082,0.686661,0.003356,0.041901,0.015339,0.011908,7.08,20,0.115149,0.832135,0.381241,0.037523,0.176277,0.336848,0.000000,0.156203,0.037523,0.075320,-0.844060,-0.003984,-0.050432,0.054112,-0.033504
1781609646017613980,2026-06-16T18:34:06.017635,prediction,-0.150846,0.711000,-0.007778,True,-0.111797,0.694661,0.002904,0.039049,0.016339,0.010683,7.56,20,0.117018,0.838911,0.376085,0.037523,0.178022,0.336409,0.000000,0.156203,0.037954,0.082460,-0.844340,-0.003486,-0.050432,0.054880,-0.034688
1781609646052442820,2026-06-16T18:34:06.052461,prediction,-0.151478,0.706000,-0.010874,True,-0.110923,0.698870,0.001777,0.040555,0.007130,0.012652,7.38,20,0.117018,0.838911,0.376085,0.037523,0.178022,0.336409,0.000000,0.156203,0.037954,0.082460,-0.844340,-0.003486,-0.050432,0.054880,-0.034688
1781609646088573191,2026-06-16T18:34:06.088593,prediction,-0.150846,0.711000,-0.010437,True,-0.110587,0.705933,0.001496,0.040259,0.005067,0.011933,5.14,20,0.118441,0.847159,0.370650,0.037523,0.178022,0.336409,0.000000,0.156203,0.037954,0.082460,-0.844340,-0.003486,-0.050432,0.054880,-0.034688
1781609646121368118,2026-06-16T18:34:06.121389,prediction,-0.152489,0.698000,-0.011575,True,-0.109297,0.704041,0.001789,0.043193,0.006041,0.013364,4.45,20,0.118441,0.847159,0.370650,0.014831,0.179328,0.336409,0.000000,0.156634,0.016137,0.025620,-0.832860,0.004648,-0.047264,0.054784,-0.031680
1781609646153459811,2026-06-16T18:34:06.153477,prediction,-0.154653,0.702000,-0.011225,True,-0.108435,0.697939,0.002533,0.046219,0.004061,0.013758,4.50,20,0.119465,0.855903,0.365618,0.020940,0.098174,0.263976,0.000000,0.164051,0.023995,-0.185640,-0.655340,0.042662,-0.046304,0.045600,0.028960
1781609646183410067,2026-06-16T18:34:06.183433,prediction,-0.155806,0.693000,-0.012013,True,-0.152292,0.703800,-0.009199,0.003514,0.010800,0.002814,0.00,20,0.119465,0.855903,0.365618,0.029669,0.073301,0.230816,0.000000,0.161873,0.029665,-0.169260,-0.610260,0.038927,-0.046304,0.048256,0.030560
1781609646216342072,2026-06-16T18:34:06.216367,prediction,-0.157470,0.680000,-0.013151,True,-0.152292,0.703800,-0.009199,0.005179,0.023800,0.003952,0.00,20,0.120684,0.864644,0.361164,0.034465,0.026174,0.167550,0.000000,0.145295,0.037523,-0.154560,-0.609140,0.072957,-0.047808,0.042080,0.032960
1781609646251009575,2026-06-16T18:34:06.251027,prediction,-0.156830,0.685000,-0.012714,True,-0.152292,0.703800,-0.009199,0.004539,0.018800,0.003515,0.00,20,0.120684,0.864644,0.361164,0.037523,0.003051,0.115185,0.000000,0.123908,0.040142,-0.154980,-0.483280,0.083415,-0.049760,0.042240,0.034176
1781609646287346487,2026-06-16T18:34:06.287367,prediction,-0.157470,0.680000,-0.015861,True,-0.152292,0.703800,-0.009199,0.005179,0.023800,0.006662,0.00,20,0.122596,0.873553,0.357049,0.036209,0.014831,0.096865,0.000000,0.116061,0.037954,-0.149380,-0.407540,0.101343,-0.049760,0.043424,0.031744
1781609646323637831,2026-06-16T18:34:06.323657,prediction,-0.154133,0.685000,-0.015415,True,-0.152292,0.703800,-0.009199,0.001841,0.018800,0.006216,0.00,20,0.122596,0.873553,0.357049,0.036209,0.014831,0.096865,0.000000,0.116061,0.037954,-0.149380,-0.407540,0.101343,-0.049760,0.043424,0.031744
1781609646358973698,2026-06-16T18:34:06.358993,prediction,-0.155806,0.693000,-0.014701,True,-0.152292,0.703800,-0.009199,0.003514,0.010800,0.005502,0.00,20,0.125184,0.882414,0.353212,0.036209,0.014831,0.096865,0.000000,0.116061,0.037954,-0.149380,-0.407540,0.101343,-0.049760,0.043424,0.031744
1781609646395517391,2026-06-16T18:34:06.395538,prediction,-0.155806,0.693000,-0.012013,True,-0.152292,0.703800,-0.009199,0.003514,0.010800,0.002814,0.00,20,0.125184,0.882414,0.353212,0.035778,0.032720,0.063265,0.000000,0.102533,0.034903,-0.125440,-0.346780,0.112797,-0.049760,0.040032,0.034848
1781609646431816341,2026-06-16T18:34:06.431837,prediction,-0.156318,0.689000,-0.012363,True,-0.152292,0.703800,-0.009199,0.004026,0.014800,0.003164,0.00,20,0.128472,0.891103,0.349551,0.009598,0.112568,0.096426,0.000000,0.010898,0.008289,-0.112840,-0.327880,0.337727,-0.049376,0.037472,0.029504
1781609646467187483,2026-06-16T18:34:06.467208,prediction,-0.156830,0.685000,-0.012714,True,-0.152292,0.703800,-0.009199,0.004539,0.018800,0.003515,0.00,20,0.128472,0.891103,0.349551,0.006540,0.120859,0.116932,0.000000,0.002609,0.002609,-0.108080,-0.288260,0.315566,-0.047712,0.039296,0.030464
1781609646502717999,2026-06-16T18:34:06.502738,prediction,-0.155806,0.693000,-0.012013,True,-0.152292,0.703800,-0.009199,0.003514,0.010800,0.002814,0.00,20,0.132511,0.899512,0.345996,0.001744,0.127406,0.130025,0.000000,0.000000,0.000000,-0.096320,-0.274260,0.343703,-0.046976,0.038976,0.029344
1781609646543019066,2026-06-16T18:34:06.543041,prediction,-0.156830,0.685000,-0.012714,True,-0.152292,0.703800,-0.009199,0.004539,0.018800,0.003515,0.00,20,0.136991,0.907719,0.342488,0.003489,0.160133,0.176710,0.000000,0.005228,0.002609,0.074060,-0.248920,0.341296,-0.047648,-0.020992,-0.005632
1781609646576584368,2026-06-16T18:34:06.576606,prediction,-0.156318,0.689000,-0.012363,True,-0.152292,0.703800,-0.009199,0.004026,0.014800,0.003164,0.00,20,0.136991,0.907719,0.342488,0.006540,0.167986,0.185439,0.000000,0.005670,0.003051,0.087360,-0.275520,0.349928,-0.047488,-0.041248,-0.021504
1781609646613666786,2026-06-16T18:34:06.613684,prediction,-0.154653,0.702000,-0.011225,True,-0.152292,0.703800,-0.009199,0.002362,0.001800,0.002026,0.00,20,0.142518,0.915359,0.339007,0.016138,0.187619,0.217730,0.000000,0.029665,0.018756,0.102900,-0.252560,0.364702,-0.047104,-0.045984,-0.025824
1781609646649879153,2026-06-16T18:34:06.649900,prediction,-0.155165,0.698000,-0.011575,True,-0.152292,0.703800,-0.009199,0.002874,0.005800,0.002376,0.00,20,0.142518,0.915359,0.339007,0.020940,0.198962,0.237797,0.000000,0.040573,0.021807,0.091140,-0.256060,0.356319,-0.047264,-0.046528,-0.028608
1781609646695048180,2026-06-16T18:34:06.695075,prediction,-0.154653,0.702000,-0.011225,True,-0.152292,0.703800,-0.009199,0.002362,0.001800,0.002026,0.00,20,0.149236,0.921905,0.335566,0.024429,0.207691,0.254816,0.000000,0.048432,0.024426,0.102900,-0.260400,0.363457,-0.047712,-0.046368,-0.027616
1781609646741029453,2026-06-16T18:34:06.741053,prediction,-0.154141,0.706000,-0.010874,True,-0.152292,0.703800,-0.009199,0.001849,0.002200,0.001676,0.00,20,0.156063,0.927186,0.332413,0.024429,0.213800,0.278809,0.000000,0.070249,0.027045,0.112840,-0.284480,0.381551,-0.047264,-0.052320,-0.031008
1781609646774026368,2026-06-16T18:34:06.774048,prediction,-0.153501,0.711000,-0.010437,True,-0.152292,0.703800,-0.009199,0.001209,0.007200,0.001238,0.00,20,0.156063,0.927186,0.332413,0.022685,0.214237,0.287977,0.000000,0.078096,0.024426,0.108780,-0.283220,0.358643,-0.047104,-0.049088,-0.032352
1781609646810949719,2026-06-16T18:34:06.810968,prediction,-0.152988,0.715000,-0.010086,True,-0.152292,0.703800,-0.009199,0.000697,0.011200,0.000887,0.00,20,0.161252,0.931198,0.330018,0.021378,0.212493,0.297575,0.000000,0.085954,0.018756,0.094500,-0.277760,0.359722,-0.047808,-0.049664,-0.032576
1781609646842848124,2026-06-16T18:34:06.842869,prediction,-0.154141,0.706000,-0.010874,True,-0.152292,0.703800,-0.009199,0.001849,0.002200,0.001676,0.00,20,0.161252,0.931198,0.330018,0.017889,0.213800,0.302810,0.000000,0.091624,0.016137,0.092260,-0.309960,0.374330,-0.048032,-0.053504,-0.031168
1781609646881506405,2026-06-16T18:34:06.881533,prediction,-0.153501,0.711000,-0.007778,True,-0.152292,0.703800,-0.009199,0.001209,0.007200,0.001421,0.00,20,0.164794,0.933938,0.328382,0.007853,0.208997,0.308921,0.000000,0.096863,0.008289,0.084000,-0.316820,0.375492,-0.048480,-0.051104,-0.031680
1781609646916649196,2026-06-16T18:34:06.916667,prediction,-0.151984,0.702000,-0.008552,True,-0.152292,0.703800,-0.009199,0.000308,0.001800,0.000647,0.00,20,0.164794,0.933938,0.328382,0.006540,0.207253,0.311977,0.000000,0.102091,0.005228,0.076860,-0.306180,0.356070,-0.048480,-0.051936,-0.031456
1781609646951628565,2026-06-16T18:34:06.951653,prediction,-0.151984,0.702000,-0.005879,True,-0.152292,0.703800,-0.009199,0.000308,0.001800,0.003320,0.00,20,0.163402,0.932862,0.329025,0.000000,0.205509,0.314156,0.000000,0.110391,0.000000,0.014140,-0.312060,0.365034,-0.048480,-0.051104,-0.017376
1781609646985751633,2026-06-16T18:34:06.985779,prediction,-0.148191,0.711000,-0.005120,True,-0.152292,0.703800,-0.009199,0.004100,0.007200,0.004079,0.00,20,0.163402,0.932862,0.329025,0.000000,0.207253,0.314156,0.000000,0.110391,0.002609,-0.054180,-0.318640,0.371259,-0.048768,-0.053056,-0.002688
1781609647014796144,2026-06-16T18:34:07.014814,prediction,-0.148815,0.706000,-0.005541,True,-0.152292,0.703800,-0.009199,0.003476,0.002200,0.003657,0.00,20,0.163402,0.932862,0.329025,0.000000,0.207253,0.314156,0.000000,0.110391,0.002609,-0.054180,-0.318640,0.371259,-0.048768,-0.053056,-0.002688
1781609647050597563,2026-06-16T18:34:07.050624,prediction,-0.147138,0.698000,-0.006216,True,-0.152292,0.703800,-0.009199,0.005154,0.005800,0.002983,0.00,20,0.163402,0.932862,0.329025,0.000000,0.207253,0.314156,0.000000,0.110391,0.002609,-0.054180,-0.318640,0.371259,-0.048768,-0.053056,-0.002688
1781609647083336507,2026-06-16T18:34:07.083353,prediction,-0.146645,0.702000,-0.005879,True,-0.152292,0.703800,-0.009199,0.005647,0.001800,0.003320,0.00,20,0.163402,0.932862,0.329025,0.000000,0.207253,0.314156,0.000000,0.110391,0.002609,-0.054180,-0.318640,0.371259,-0.048768,-0.053056,-0.002688
1781609647117791799,2026-06-16T18:34:07.117809,prediction,-0.145537,0.711000,-0.005120,True,-0.152292,0.703800,-0.009199,0.006755,0.007200,0.004079,0.00,20,0.163402,0.932862,0.329025,0.000000,0.207253,0.314156,0.000000,0.110391,0.002609,-0.054180,-0.318640,0.371259,-0.048768,-0.053056,-0.002688
1781609647148394174,2026-06-16T18:34:07.148411,prediction,-0.146152,0.706000,-0.005541,True,-0.152292,0.703800,-0.009199,0.006139,0.002200,0.003657,0.00,20,0.163402,0.932862,0.329025,0.044069,0.188057,0.301063,0.000000,0.107772,0.045812,-0.128520,-0.314020,0.352667,-0.048320,-0.050208,0.034400
1781609647176244583,2026-06-16T18:34:07.176257,prediction,-0.147138,0.698000,-0.006216,True,-0.152292,0.703800,-0.009199,0.005154,0.005800,0.002983,0.00,20,0.163402,0.932862,0.329025,0.047558,0.187619,0.297575,0.000000,0.105152,0.048432,-0.135660,-0.339640,0.352169,-0.048320,-0.053216,0.037568
1781609647213232514,2026-06-16T18:34:07.213259,prediction,-0.146152,0.706000,-0.005541,True,-0.152292,0.703800,-0.009199,0.006139,0.002200,0.003657,0.00,20,0.163402,0.932862,0.329025,0.047558,0.187619,0.297575,0.000000,0.105152,0.048432,-0.135660,-0.339640,0.352169,-0.048320,-0.053216,0.037568
1781609647242234356,2026-06-16T18:34:07.242246,prediction,-0.145044,0.715000,-0.004783,True,-0.152292,0.703800,-0.009199,0.007247,0.011200,0.004416,0.00,20,0.163402,0.932862,0.329025,0.047558,0.187619,0.297575,0.000000,0.105152,0.048432,-0.135660,-0.339640,0.352169,-0.048320,-0.053216,0.037568
1781609647273177546,2026-06-16T18:34:07.273201,prediction,-0.144552,0.719000,-0.001801,True,-0.152292,0.703800,-0.009199,0.007740,0.015200,0.007398,0.00,20,0.163402,0.932862,0.329025,0.047558,0.187619,0.297575,0.000000,0.105152,0.048432,-0.135660,-0.339640,0.352169,-0.048320,-0.053216,0.037568
1781609647307261674,2026-06-16T18:34:07.307290,prediction,-0.145044,0.715000,-0.002131,True,-0.152292,0.703800,-0.009199,0.007247,0.011200,0.007068,0.00,20,0.163402,0.932862,0.329025,0.047558,0.187619,0.297575,0.000000,0.105152,0.048432,-0.135660,-0.339640,0.352169,-0.048320,-0.053216,0.037568
1781609647340165405,2026-06-16T18:34:07.340187,prediction,-0.146152,0.706000,-0.002875,True,-0.152292,0.703800,-0.009199,0.006139,0.002200,0.006324,0.00,20,0.163402,0.932862,0.329025,0.047558,0.187619,0.297575,0.000000,0.105152,0.048432,-0.135660,-0.339640,0.352169,-0.048320,-0.053216,0.037568
1781609647371825948,2026-06-16T18:34:07.371849,prediction,-0.147138,0.698000,-0.003536,True,-0.152292,0.703800,-0.009199,0.005154,0.005800,0.005663,0.00,20,0.163402,0.932862,0.329025,0.047558,0.187619,0.297575,0.000000,0.105152,0.048432,-0.135660,-0.339640,0.352169,-0.048320,-0.053216,0.037568
1781609647412297349,2026-06-16T18:34:07.412318,prediction,-0.147753,0.693000,-0.001261,True,-0.152292,0.703800,-0.009199,0.004538,0.010800,0.007937,0.00,20,0.163402,0.932862,0.329025,0.047558,0.187619,0.297575,0.000000,0.105152,0.048432,-0.135660,-0.339640,0.352169,-0.048320,-0.053216,0.037568
1781609647445676730,2026-06-16T18:34:07.445696,prediction,-0.146645,0.702000,-0.000532,True,-0.152292,0.703800,-0.009199,0.005647,0.001800,0.008666,0.00,20,0.163402,0.932862,0.329025,0.025742,0.050609,0.077660,0.000000,0.027045,0.024426,-0.118300,-0.473900,0.293737,-0.048032,-0.037792,0.031232
1781609647483637394,2026-06-16T18:34:07.483657,prediction,-0.146645,0.702000,-0.000532,True,-0.152292,0.703800,-0.009199,0.005647,0.001800,0.008666,0.00,20,0.163402,0.932862,0.329025,0.016138,0.032720,0.050172,0.000000,0.018756,0.013517,-0.131320,-0.457240,0.281702,-0.048032,-0.038528,0.031904
1781609647512685003,2026-06-16T18:34:07.512704,prediction,-0.147753,0.693000,-0.001261,True,-0.152292,0.703800,-0.009199,0.004538,0.010800,0.007937,0.00,20,0.163402,0.932862,0.329025,0.016138,0.032720,0.050172,0.000000,0.018756,0.013517,-0.131320,-0.457240,0.281702,-0.048032,-0.038528,0.031904
1781609647541922853,2026-06-16T18:34:07.541952,prediction,-0.149354,0.680000,-0.002315,True,-0.152292,0.703800,-0.009199,0.002937,0.023800,0.006884,0.00,20,0.163402,0.932862,0.329025,0.006540,0.011342,0.017012,0.000000,0.005228,0.002609,-0.126980,-0.488180,0.282034,-0.047424,-0.040864,0.030560
1781609647572662394,2026-06-16T18:34:07.572677,prediction,-0.148246,0.689000,-0.001585,True,-0.152292,0.703800,-0.009199,0.004046,0.014800,0.007613,0.00,20,0.163402,0.932862,0.329025,0.003489,0.004796,0.005666,0.000000,0.000000,0.002609,-0.133560,-0.484400,0.282698,-0.047584,-0.040480,0.029568
1781609647605474678,2026-06-16T18:34:07.605495,prediction,-0.148738,0.685000,0.000792,True,-0.152292,0.703800,-0.009199,0.003553,0.018800,0.009990,0.00,20,0.163402,0.932862,0.329025,0.003489,0.004796,0.005666,0.000000,0.000000,0.002609,-0.133560,-0.484400,0.282698,-0.047584,-0.040480,0.029568
1781609647641754524,2026-06-16T18:34:07.641774,prediction,-0.148246,0.689000,0.001109,True,-0.152292,0.703800,-0.009199,0.004046,0.014800,0.010308,0.00,20,0.163402,0.932862,0.329025,0.003489,0.004796,0.005666,0.000000,0.000000,0.002609,-0.133560,-0.484400,0.282698,-0.047584,-0.040480,0.029568
1781609647675729319,2026-06-16T18:34:07.675744,prediction,-0.146152,0.706000,0.002458,True,-0.152292,0.703800,-0.009199,0.006139,0.002200,0.011657,0.00,20,0.163402,0.932862,0.329025,0.003489,0.004796,0.005666,0.000000,0.000000,0.002609,-0.133560,-0.484400,0.282698,-0.047584,-0.040480,0.029568
1781609647707333536,2026-06-16T18:34:07.707350,prediction,-0.146645,0.702000,0.002141,True,-0.152292,0.703800,-0.009199,0.005647,0.001800,0.011340,0.00,20,0.163402,0.932862,0.329025,0.003489,0.004796,0.005666,0.000000,0.000000,0.002609,-0.133560,-0.484400,0.282698,-0.047584,-0.040480,0.029568
1781609647754688442,2026-06-16T18:34:07.754712,prediction,-0.147138,0.698000,0.001823,True,-0.152292,0.703800,-0.009199,0.005154,0.005800,0.011022,0.00,20,0.163402,0.932862,0.329025,0.000000,0.003051,0.000000,0.000000,0.000000,0.000000,-0.039900,-0.716940,0.108564,-0.045760,0.010528,-0.017440


============================================================
EXPERIMENT METRICS
  File: experiment_GRU_20260616_183356.csv
  Total samples: 313
  Task completion time: 10.91 s
  --- Prediction Accuracy (over 313 samples) ---
  Avg Inference Time: 4.15 ms
  Mean Squared Error (MSE): 0.003997 m²
  Mean Absolute Error (MAE - 3D): 0.0556 m
      MAE X: 0.0376 m
      MAE Y: 0.0329 m
      MAE Z: 0.0150 m
  --- Trajectory Smoothness (Robot EE) ---
  Mean Jerk (3D): 16.8612 m/s³
      Jerk X: 8.6224 m/s³
      Jerk Y: 12.8581 m/s³
      Jerk Z: 4.2236 m/s³
  Max Jerk (3D): 123.2052 m/s³
  RMS Jerk (3D): 30.0837 m/s³
============================================================
