time_s,t_fitts,mode,max_probs,x_h_X,x_h_Y,x_h_Z,x_ref_X,x_ref_Y,x_ref_Z,x_d_X,x_d_Y,x_d_Z,x_r_X,x_r_Y,x_r_Z,F_h_X,F_h_Y,F_h_Z,F_r_X,F_r_Y,F_r_Z,theta_deg
0.0,0.0,FOLLOWER,0.3333333333333333,0.12213689855521606,-1.2599156228657624e-05,0.006588971791437798,0.12213689855521606,-1.2599156228657624e-05,0.006588971791437798,0.12213689855521606,-1.2599156228657624e-05,0.006588971791437798,0.12213689855521606,-1.2599156228657624e-05,0.006588971791437798,0.0,0.0,0.0,0.0,0.0,0.0,90.0
0.06282722513089005,0.0,FOLLOWER,0.352755847159284,0.12389591222454623,0.00021381697121927205,0.007874690963538718,0.13659482184841196,0.003900154051895477,0.01184656156652493,0.13694541806773955,0.003945281977654159,0.012102823521002655,0.13677162635901483,0.0036801425110835925,0.011859807739518427,0.26385205039952464,0.03396241911718945,0.19285787581513797,2.8240585681588013,3.0059175811684185,2.879641201570797,31.941213853450652
0.1256544502617801,0.0,FOLLOWER,0.3632463542580057,0.12517851048649442,0.0004325108861553208,0.007272265582730299,0.13777059918205084,0.004085585730376207,0.01111800102308362,0.13605828027648215,0.003515305504527589,0.01064099412741971,0.13623657928282512,0.0036339090182507207,0.010873494311499693,-1.7389673808780606,-0.48714474373924077,-0.6881313235182193,-1.6727283594233455,-1.9547204281679624,-2.5703711775661575,36.77176264307364
0.18848167539267013,0.0,FOLLOWER,0.3739729460254098,0.12605497574055344,0.0006206555991231796,0.005484513904547285,0.1387682970761689,0.004271334511350977,0.009031536810390303,0.1333331234364613,0.002635238479845792,0.006789958701858324,0.13345014262125754,0.0028400663082538253,0.006982111673320294,-1.5272405313407524,-0.4519880128691312,-0.8083470610428612,-1.3349200987611045,-2.152276782417032,-2.2002889054907313,36.92841116304266
0.2513089005235602,0.0,FOLLOWER,0.38464054020774696,0.12659348198990567,0.000701229916136022,0.003402807328453583,0.13951119838715897,0.004369978457093526,0.006614026149745406,0.13154044965390171,0.0019778011485309223,0.0029598405655831975,0.13168058308907557,0.002155001529328537,0.0031577041127813384,-1.0284990947027812,-0.3208254588176705,-0.5368956517300066,-1.456969942552258,-1.604475549795484,-2.343893308190116,31.636637017751244
0.31413612565445026,0.0,FOLLOWER,0.3851617790130631,0.126860940373994,0.0007592998767195053,0.0014092383113835027,0.13998848038646367,0.004457141825475852,0.004359457463433511,0.131202649755511,0.001821467232473506,0.0002970355673965995,0.13121227336981597,0.0018821487369854626,0.0005299486698204616,-0.7229464072622344,-0.20935524789135473,-0.26226987020967535,0.8628687190138459,-0.17066922654099553,-2.626429991727272,87.38411814489093
0.37696335078534027,0.0,FOLLOWER,0.38483274173142396,0.12696041688054674,0.0007842899611824021,3.5904984122963657e-05,0.14020555339937957,0.0045085660533612515,0.0029178288365189348,0.13164241392522796,0.001981818283340041,-0.0006956191458962631,0.1314336866107449,0.001922703063004267,-0.0004624923196442582,-0.6377784733903852,-0.16467881637045906,-0.07410655285462468,2.7443638034851987,0.922381098546559,-2.371780071515324,134.09931080736698
0.43979057591623033,0.0,FOLLOWER,0.38445015310933195,0.12702783877387583,0.0010672037191247674,2.242329134139639e-09,0.14016762717136724,0.004791957397040081,0.00308554351754034,0.13211364353010022,0.002536329736983616,0.00041644045456496045,0.1318691066310146,0.0023393868942904444,0.0001783693578082443,-0.6608771755303597,-0.12832490158192494,0.06937418429600885,2.5257216656389327,2.2132494427623954,2.871942035423044,125.90886230715047
0.5026178010471204,0.0,FOLLOWER,0.3850960332349985,0.12703458211041727,0.002079764834030467,0.0005658074459929386,0.13995684667669195,0.005786473135491854,0.003975050989294265,0.1322766216785059,0.003938397568143117,0.0022916097757608254,0.13211598757412008,0.003652458234160527,0.0020186715436577318,-0.7251786780895983,-0.03894330903899659,0.058115713227704154,1.3513298854513252,3.0028683059332706,2.8793481312139115,106.95907510949361
0.5654450261780104,0.0,FOLLOWER,0.38796063919707563,0.12680261529414097,0.004121145427850659,0.0017879695539000358,0.1394200911854764,0.007803023730643566,0.00558021950122381,0.1318434755063453,0.0065335509660137455,0.004546164833447754,0.13189438185899438,0.006259938468398117,0.004269521433081892,-0.797005841996866,0.07030307905351985,-0.0346052984636544,-0.9893755872888434,2.9438144494370677,2.966241672268282,74.95361317081597
0.6282722513089005,0.0,FOLLOWER,0.3935241741936392,0.12611290004322356,0.007082351543199304,0.003963781125259856,0.13834557500251207,0.010747759430695947,0.008189744767973059,0.13061904461536067,0.010142683713870629,0.007474266911504155,0.1308098752417183,0.009885690064574341,0.00719793366619496,-0.8672222723656225,0.12336196122017806,-0.04586104617330536,-2.0885275703026434,2.8830390809411175,3.025835395459115,60.33863364348985
0.6910994764397905,0.0,FOLLOWER,0.40101310915078675,0.1248981066887597,0.010457656593017376,0.006978220806963463,0.13672341860730242,0.01412194964455582,0.011656062869125544,0.1287221851519915,0.01405587301978166,0.011103753504584637,0.12891675168632954,0.013802238366845476,0.010832416237298656,-0.8867652829437911,0.08579497926645514,-0.03295692888472457,-2.111819592103774,2.907499283196824,3.0487373759029057,61.23636328454522
0.7539267015706805,0.0,FOLLOWER,0.4079711573159494,0.12359979526928117,0.013187076023906848,0.01020920193653557,0.13506568195937718,0.016867708613548804,0.015261335935102191,0.1269163320154168,0.016918896042918852,0.014723292569209291,0.12711464274349038,0.01664456930106514,0.014448345119743031,-0.7975434625572569,-0.09227435144079418,-0.09348214511446275,-2.163072551696951,3.0650714281307874,3.1132323584507597,73.01186389073956
0.8167539267015707,0.0,FOLLOWER,0.4116963168625676,0.12264208096026831,0.014849555289454993,0.013423154726718038,0.13379092718590907,0.018541325833822175,0.018724073190409835,0.12580600997285196,0.018177899507306503,0.01802333982629915,0.1260018312901547,0.017888211236991722,0.017739618625465216,-0.6708842674833105,-0.2692521017415219,-0.15377855895374898,-2.055767726632694,3.0530294412487144,3.1821964612678695,88.9197596289862
0.8795811518324607,0.0,FOLLOWER,0.41037967706802747,0.12221038253099088,0.015516351357400418,0.016832115774748378,0.13302938597944614,0.01919825910055828,0.022287492506513934,0.1255051665204695,0.018094443902261184,0.021381584650252663,0.12559077580658187,0.018033482539749374,0.021096456323286522,-0.5687173138745706,-0.3557789819386957,-0.13612542760752575,-0.6748555368181782,0.23428273632390906,3.188298514343678,93.42359819408861
0.9424083769633508,0.0,FOLLOWER,0.40374500929138357,0.12218950866510575,0.0157423734230726,0.020985650446751037,0.13258406610359807,0.019397028896926738,0.026606770872643903,0.12566865168946845,0.017564645408539963,0.025702337262127128,0.12559569594830294,0.01768538028660411,0.02543261426570878,-0.5101900712214182,-0.3436663675015158,-0.016620881480322765,0.9846837356968456,-1.3747880633688396,3.0947747782047825,92.14812759234192
1.0052356020942408,0.0,FOLLOWER,0.3987601616783503,0.12234710865651693,0.016081921525598453,0.026332421759347826,0.13217084293660897,0.019712435514353754,0.032232265894097764,0.1258535823605553,0.017461235559256327,0.03169079953007007,0.12573906870432672,0.017493142077250372,0.031449244560188425,-0.4872880937679014,-0.24051881415084847,0.1349711240458568,1.1480296632165143,0.054231654721287936,2.9499509291469157,95.64296793087362
1.068062827225131,0.0,FOLLOWER,0.41815435735873163,0.12241253999975404,0.01683084666578292,0.03295631063738869,0.1315367410913699,0.020467738848009898,0.03928109893434102,0.1256880951508967,0.018252252381502524,0.039375921527869256,0.1256840173397749,0.018015220689159922,0.039161522952128026,-0.498979305685901,-0.09934431172011812,0.22605991158004024,-0.26513721886362696,2.8508348681138442,2.843802081833526,77.35143168735702
1.1308900523560208,0.0,FOLLOWER,0.43932840862553574,0.12247790494303482,0.01802676732668503,0.040287914881764295,0.13084604032830327,0.021716565042402713,0.04707901597487232,0.12534117107977588,0.019912186942372487,0.047750331532396315,0.1254212787544347,0.019625675870238873,0.04754377246857325,-0.4809168595110144,0.0017319956287660185,0.16895878944544024,-1.0209837216090105,3.015667946013086,2.871846073966396,63.31670428307568
1.193717277486911,0.0,FOLLOWER,0.4684789445437368,0.12252798380410622,0.019847028397274764,0.047856130687422914,0.13015280041402125,0.02364816956885374,0.055044965235162946,0.12495919568963207,0.02239929225617728,0.05593906511637809,0.12506771109507073,0.022123715823690514,0.05572239893267558,-0.4339942425492731,0.03320287905538375,0.04685373282744994,-1.1751109747934154,2.967223191883662,2.9898456621796203,66.98193461772684
1.256544502617801,0.0,FOLLOWER,0.502792620041973,0.12252549691720929,0.02231057363752551,0.055072133180656686,0.12950192810109334,0.02628862833666812,0.06247383737296822,0.12465250953695077,0.025534778503186476,0.06314610102685322,0.1247486373157769,0.025266499104177907,0.06290721032989821,-0.38133212667921523,0.02802867207524918,-0.09753986280283435,-0.9736743333795289,2.965344169086291,3.1484597995056514,85.16972135366946
1.319371727748691,0.0,FOLLOWER,0.5199661429389861,0.12250079402811366,0.025750210994806136,0.062068274665936785,0.12889366323673287,0.0299736282630505,0.0695215249261932,0.1244262415285032,0.029644436670320285,0.06973393116073959,0.12449980623915285,0.02938708728468266,0.06948091496218092,-0.33717649314948595,0.0725567835942343,-0.12584034959421397,-0.7356567705871114,2.941973227216825,3.217240246843392,88.00001725478289
1.382198952879581,0.0,FOLLOWER,0.49680883226752737,0.12248363489802835,0.030798490515599894,0.06924310722397446,0.1282900652342649,0.03534273750169381,0.07668467772189075,0.12421581970913498,0.03554856917751806,0.07656603123973058,0.12428299480133272,0.03531631477006664,0.0763177724407911,-0.3024257011686751,0.2117104846375853,-0.035671160730969126,-0.7099952214590446,2.8391090565362735,3.1615217624972916,63.897008891093776
1.4450261780104712,0.0,FOLLOWER,0.44827213677123895,0.12243911300241113,0.03813184039280066,0.07540468699529115,0.1277593551133838,0.043067100318168405,0.08261985807434193,0.12405963948665716,0.04412101808060785,0.08222117798085421,0.12411071918949128,0.043929848146907036,0.08196056927230748,-0.2765822698382381,0.4223288434101035,-0.13696281682499256,-0.5447743943096882,2.6592402220678166,3.220142620697856,67.79117969716548
1.507853403141361,0.0,FOLLOWER,0.39057900071481316,0.12239523869223184,0.048522323032111764,0.08022330951672325,0.12732245307928966,0.05391690452409981,0.08696132179333332,0.12395791601556996,0.05625620675624133,0.08610738203705984,0.12398890034807289,0.056120940868990284,0.08582127607889871,-0.257322074588915,0.6888712327807092,-0.26058896333763376,-0.33904819803563163,2.417442094624815,3.3195529098355547,73.9735509066083
1.5706806282722512,0.0,FOLLOWER,0.3483200439294859,0.12253711709807627,0.06187315480249947,0.08410723328800959,0.12709785448548352,0.067794236306287,0.09020801878717952,0.12405323229206426,0.07172058900530283,0.0888477785007105,0.12401287602766832,0.07163685315198833,0.08854670646180351,-0.21776748749949282,0.8628320900263778,-0.2571064186333676,0.4994536933294268,2.23962126016931,3.330740582554187,75.03749666113539
1.6335078534031413,0.0,FOLLOWER,0.36763862790580126,0.12297365172597272,0.07812271561103559,0.0878001043379783,0.12710982299958912,0.08463189976167373,0.09327604410766459,0.12442698263365076,0.09017885778004686,0.09170139112723927,0.12428106576933604,0.09013656867638503,0.09140884313016914,-0.15588364525434065,0.9728793688570901,-0.11199031857378194,1.6485889692825322,2.135201793608147,3.206924669024844,69.41379796931747
1.6963350785340314,0.0,FOLLOWER,0.36013195503607914,0.12360499294925081,0.09560960185152166,0.09265701814374872,0.12718622095627272,0.10276113582435598,0.09781908213397064,0.12492324111456721,0.10947655502402835,0.09668072229674524,0.12472828976388482,0.10943834058957504,0.09642943338902174,-0.10141092301278326,0.8209549762704944,0.18722625203693583,2.0532467880170047,2.26469897807543,2.92531002785746,52.21428001538877
1.7591623036649213,0.0,FOLLOWER,0.36649751109124606,0.12422271617251773,0.11359332423598589,0.09808917918180876,0.1272114870987628,0.12139014917888968,0.10317314573681545,0.12537362248171824,0.12849891310138642,0.10289710192882892,0.12518598971989356,0.12844071790581615,0.10267359274539493,-0.07583603870506342,0.6232475469616284,0.2489618689180531,1.8783521409993225,2.4876812816916862,2.8005344957243734,41.941145460224696
1.8219895287958114,0.0,FOLLOWER,0.38534392666625106,0.12461839430437693,0.13137203423046304,0.10222843611988451,0.12715985822524883,0.13975487990879665,0.10710752870787281,0.1256652828182535,0.14653956732021944,0.10725906840427293,0.1255232117526027,0.14645210587684857,0.10700665755128981,-0.08513931232749378,0.4396974486970323,-0.0667734938265635,1.3108261678445072,2.719192613963397,3.0219657217663047,62.86186469307699
1.8848167539267016,0.0,FOLLOWER,0.40679434355250566,0.12482740901934598,0.14894425078990084,0.10478982708066654,0.1270764314685179,0.15782630169621026,0.10920905135556645,0.1257936180673737,0.1639108127567504,0.10894940098968318,0.1257110092964175,0.1638036611125322,0.10865285103589961,-0.10437040998850719,0.37382173695784116,-0.33252457059348983,0.6615204436505334,2.844341973449086,3.2157770234082186,91.93831799151141
1.9476439790575915,0.0,FOLLOWER,0.4268856900098536,0.12477327560966688,0.1672651094333272,0.10549449559362002,0.126876357801483,0.17656994991878605,0.10912568943274847,0.12565730812368225,0.18213785085217488,0.10789318613140182,0.12567702406655762,0.18204179423831188,0.10808465229957684,-0.14066005301259163,0.5192172481192512,-0.4737533163419384,-0.454672176019465,2.761454885597306,-2.438032231409186,4.379265773421207
2.0104712041884816,0.0,FOLLOWER,0.44180638887192936,0.12434606074920025,0.1878489463956606,0.10582177876653914,0.12629366623227187,0.19757297833252352,0.10864509728731277,0.12497331190690224,0.2033805266296586,0.10655137181305949,0.12516635534895112,0.20333636125132312,0.10678716726608929,-0.19964449760360506,0.8710728236023091,-0.3394310299556544,-2.2280744922271425,2.454990880920965,-2.4464266449288883,29.92281295769857
2.0732984293193715,0.0,FOLLOWER,0.4472852384511525,0.1233148699310734,0.20827062548074957,0.10769644409280149,0.12499826729247734,0.21844144213585737,0.11013747204757,0.1233979989334593,0.22477631725818606,0.10814895044883156,0.12365501332263758,0.22474195615002035,0.10787799160999346,-0.27772281268165777,0.7401396344139666,0.13639152400682988,-2.718565332658042,2.4770545593405946,3.120841807705291,38.83723787741503
2.136125654450262,0.0,FOLLOWER,0.44059658317358824,0.12199684427360512,0.2288213023785895,0.1112060440296123,0.12328325195084078,0.23943880634187842,0.11373814021785916,0.12138559479006943,0.24598496407038475,0.1129931090810844,0.12164097609850838,0.24593933711780305,0.11276841411959297,-0.24872535735486895,0.6119019342853721,0.49920786294282565,-2.736593110990757,2.5826429986845354,2.597855370887215,19.983665498520846
2.1989528795811517,0.0,FOLLOWER,0.42339411446100655,0.12075223775575485,0.24813187505622097,0.11552860684841312,0.12160551511388316,0.2591458670843171,0.11842734964049628,0.11964855750962942,0.26528239384816854,0.11917242593501289,0.11991178398187445,0.26519818988909577,0.11897222965899501,-0.1333107514130301,0.32888069076268817,0.4140289093230227,-2.8106143367862098,2.8495050101130874,2.5537978903494425,23.778727919671795
2.2617801047120416,0.0,FOLLOWER,0.40007090422020397,0.11997876769577108,0.26531083093200775,0.11954215228204966,0.1204807550903586,0.27660650193642833,0.12276081758656734,0.11883369975163605,0.281591274925076,0.12423114007397594,0.11907076450870467,0.28145011757088617,0.12400232802640725,0.01004755708449434,0.016896156436796428,0.0854883934581975,-2.388731645123767,3.1700055962284095,2.8240971631030005,50.642159464423486
2.324607329842932,0.0,FOLLOWER,0.3757026700819778,0.11966033891218475,0.28247154022604326,0.12175301418298744,0.11997278627959104,0.293945464213744,0.1248668478576043,0.11889880831729167,0.29773506304159053,0.12584572822526585,0.1189369180232707,0.29758496584363714,0.12556106074517256,0.08843616052201173,0.1532133982735634,-0.33739707651297135,-0.03063252301387792,3.1381976171232204,3.0829399328006883,109.59513416451627
2.387434554973822,0.0,FOLLOWER,0.35486827659100467,0.11958668509478672,0.3013029280361941,0.12240294447025594,0.11982344326175129,0.31294268734767794,0.12500665427460303,0.11935070541179885,0.31643954902457505,0.12471559191406444,0.11922451419076818,0.3163381771891713,0.12491605848030474,0.09746506072740371,0.5576943288835401,-0.47371744123749293,1.4525583786061205,2.7972271380977576,-2.492246594540284,13.667958787442808
2.4502617801047117,0.0,FOLLOWER,0.35718927597801164,0.11953846719473109,0.3198757112214249,0.12210570673969148,0.11978725651788028,0.3316869359072502,0.12399200569946629,0.1197332638375286,0.3355191617352819,0.12244126535013547,0.11959400246739532,0.3354375067134448,0.12267379708515677,0.04709295059443577,0.5306301048380396,-0.4215527610919881,1.2979490984013609,2.71316618776722,-2.500398212415419,15.94149793065675
2.513089005235602,0.0,FOLLOWER,0.3674256596931199,0.11954250321662874,0.34226464723071426,0.12173861523057378,0.11973586590510646,0.35433953269665125,0.1229444636288424,0.11984184524427066,0.35924384790172487,0.1208301607957632,0.11977827504989925,0.35923373478191617,0.12107990742898077,-0.0077248876149876855,1.0240710775904187,-0.14027727818744923,0.38101731298222064,2.286563973199918,-2.632568446532823,41.68089083196861
2.575916230366492,0.0,FOLLOWER,0.37779481678698745,0.11960466940083583,0.3687405779336868,0.12143339505316776,0.11964947984902366,0.3812394044433242,0.12209773973310506,0.11973630384583919,0.38814525400358524,0.12023644397589425,0.11975785080609457,0.3882246454161864,0.120429808162272,-0.026040847359513203,1.4260264727655958,0.053023143628048997,-0.4251274742019727,1.8792130460493066,-1.7034404857007779,44.88723189650661
2.638743455497382,0.0,FOLLOWER,0.3879538137392559,0.11977439664728397,0.3984187847335564,0.12114244200133786,0.11959753074328563,0.4114875706578987,0.12141188652125698,0.11964106022905166,0.4207007388878233,0.12021558094647165,0.11967770180212446,0.4208381474485429,0.12027377617461557,0.0024818761784103915,1.5291208976055015,0.1068950758598794,-0.37294456582707,1.7157533276712325,-0.3159060264624219,18.789243729091076
2.701570680628272,0.0,FOLLOWER,0.3971007356798335,0.12038615558064603,0.43017220074333296,0.12085184972086245,0.11995406762127975,0.4438812798529257,0.1208354954283223,0.12011919494491578,0.45490112322533227,0.12029455339010058,0.11997516721496321,0.4550528465590047,0.12029558173209207,0.10626806677823467,1.400107994218505,0.08671103193703192,1.8269904820735658,1.815261541182917,-0.045247955065615936,41.07461916875608
2.764397905759162,0.0,FOLLOWER,0.4046585691030426,0.12195873934502002,0.4607833792306505,0.12102302966071578,0.12129596064228089,0.47507431435634584,0.12087405082136059,0.12194546943871548,0.48653676269004614,0.12085525684706268,0.12168761327057445,0.486630087112377,0.12069442787381511,0.2975358195085223,0.8595799007468707,0.10911718929355677,2.7476554710665364,2.316988504996411,1.7689565566875876,35.11072757925936
2.827225130890052,0.0,FOLLOWER,0.4103665348747574,0.12416058242320784,0.4852846743680118,0.12137150607908273,0.1233819826114039,0.4999149360789057,0.12118374948759351,0.12477344311528796,0.5094663696593129,0.12154461558290341,0.12453315182066219,0.5093983467634166,0.12133283442838111,0.3709453728950075,-0.20181191165477563,0.101561730790143,2.637738040910966,3.320220164095364,2.1595609380837555,75.20695789646231
2.8900523560209423,0.0,FOLLOWER,0.41450268043371014,0.12620765048304095,0.5061279679828624,0.12174120370358796,0.12536469149827523,0.5208401386486556,0.12154981148574846,0.1273124312874707,0.5269431532989267,0.1221072309752072,0.12706710097041501,0.5267615316266635,0.12191043416451539,0.2511747993568139,-0.49055681708312093,0.06125539128102736,2.7083584054240184,3.808354504764035,1.9238431010724388,112.44870882590014
2.9528795811518322,0.0,FOLLOWER,0.41750185900629816,0.12757932107281775,0.5248199503474344,0.12203136265853305,0.12667141282082833,0.5394446598937028,0.1218290529401429,0.1286676733656948,0.5424360808163144,0.12239671732425983,0.1284098491270273,0.5422275442998166,0.12226366875450692,0.07683301536040993,-0.29123719188435815,0.018139274102649955,2.7163297345811754,3.7549850230800677,1.1902749669304347,126.7212897917604
3.015706806282722,0.0,FOLLOWER,0.4197133037396098,0.12816551397351436,0.5433368205621323,0.12222989216530673,0.12714905730340242,0.5578100191352928,0.12199131619090932,0.12874022466202428,0.5592423368457953,0.12244673278633872,0.128668084729971,0.5590769159436544,0.12239744711711804,-0.036650273026940516,0.16639143934735756,-0.0050664883800281835,0.32509225767660066,3.3172113118582365,0.33303663102719083,19.461027473636385
3.0785340314136125,0.0,FOLLOWER,0.4218326460697759,0.12793958307712092,0.5628095476790688,0.12220444201802567,0.1267601737623706,0.5771430893185923,0.12188310410837415,0.12771317834198043,0.5787085682313241,0.12216463286384237,0.1279514717957803,0.5786108643329086,0.12224580878954486,-0.10927524792751081,0.5598947603121573,-0.028950764863855394,-2.7055074627592264,2.8330022366356395,-1.0403626835626891,34.325383955108094
3.1413612565445024,0.0,FOLLOWER,0.4242680387788341,0.1271976679217643,0.5835378433788344,0.12218382865892327,0.1258079055771476,0.597793640214987,0.12178093254840888,0.12612916613409317,0.6005150971286818,0.12191484247336679,0.12639790641856113,0.6004702460633989,0.12201511168801864,-0.11307058110240353,0.7390468568888642,-0.00929701959323792,-2.8190101102764973,2.5319469943260726,-1.00735085897365,41.38995769215703
3.2041884816753927,0.0,FOLLOWER,0.42705519099051287,0.12616641986958302,0.6032944444256467,0.12234003032092847,0.12456023656914052,0.6175108253768331,0.12190287218534308,0.12449031187332499,0.6211586286127778,0.12202269427217244,0.1247634955868463,0.6210980069668182,0.12200960939204017,-0.03472298234671739,0.4236297543371681,0.04873779493647437,-2.8776723184891915,2.702165216355002,0.4093067134639211,41.859691526213986
3.2670157068062826,0.0,FOLLOWER,0.4299811334570635,0.12510017603721676,0.6215552269376062,0.1228506875047155,0.12329346399328958,0.6357356985780711,0.12246067229013893,0.1231657972515442,0.6393017522254695,0.12275961513816044,0.12344334045344042,0.6391880799068006,0.12255080327191306,0.05050206755557035,0.06858299561821046,0.12616171690130046,-2.8936418781748388,3.040464001752938,2.406380513691266,60.20220096576593
3.3298429319371725,0.0,FOLLOWER,0.4328284998147877,0.12431225852652159,0.6376525549756662,0.12349678029897598,0.12236473410100472,0.6517688369170802,0.12318694908876958,0.12246493205946353,0.6542860000317334,0.12376748843256238,0.12270574131014446,0.6541103171493093,0.1235151520414581,0.13033771096217436,-0.23032873967016032,0.1418965540594383,-2.4060355316659616,3.3829387737452956,2.635290047214393,119.13302815198311
3.392670157068063,0.0,FOLLOWER,0.4352662108729036,0.12420230234224583,0.6515966454078962,0.12422309982400266,0.12220566568237029,0.6655910768806865,0.1239948391607191,0.12275790609851396,0.666565008297339,0.12479044375176843,0.12272980004884032,0.6663411768975299,0.12453605142757629,0.2244841548152056,-0.37705076121197223,0.1061921673816836,0.7795329653265326,3.586558789067919,2.6207776050220675,116.20120117409755
3.4554973821989527,0.0,FOLLOWER,0.4372315739541792,0.1241841829060997,0.6651135166696688,0.12490219169288241,0.12218093675536636,0.6789516330118578,0.12472156712932425,0.12322183681761853,0.6787106098337752,0.12556789964411322,0.12308777175699036,0.6784876414590555,0.12533227297422356,0.2181574285889068,-0.18414903417917072,0.05492103979591878,1.4578585078635915,3.4669541359748712,2.3786594612909373,98.43411129489132
3.5183246073298426,0.0,FOLLOWER,0.439127936237922,0.12333585054216224,0.6812251342186587,0.12523053447611102,0.12127953863286652,0.6949694490834929,0.12500820083066294,0.12246695059613089,0.694826348935638,0.1257107545326251,0.12267702334216524,0.6946790298540282,0.12561244512928318,0.037211817775782696,0.41062391394048325,-0.015260774716881198,-2.733369288019471,2.9392564941014587,0.7216878308741453,49.43553499036203
3.581151832460733,0.0,FOLLOWER,0.44140599180176815,0.12129130816319214,0.7014205155809708,0.12541829710245986,0.11907182368889747,0.7152157169016747,0.1251105492326154,0.11979702716804345,0.7168257611234122,0.12556744081910387,0.12006312732097325,0.7167909843355175,0.12558911442313156,-0.2078572768459644,1.0112228590413996,-0.029122204023498965,-2.8722511864261078,2.310246207300646,-0.4157837847596866,39.75339692868288
3.643979057591623,0.0,FOLLOWER,0.44427469047645396,0.11848553993978146,0.7271385697553113,0.1256335543556308,0.11599448960403055,0.7411647669235576,0.12523604975800942,0.11593899338979531,0.7458442551208131,0.12550784576018406,0.11618321989581516,0.7459321730358732,0.12552959830547583,-0.23663810717876876,1.5521378129690788,0.006665989874887757,-2.77614387173613,1.7218460683838708,-0.1411157305597342,49.5828328678966
3.706806282722513,0.0,FOLLOWER,0.4473390529845795,0.11566360943983976,0.7570843887756645,0.12621257454145685,0.11285470903473757,0.7714871723664078,0.12579413772031273,0.11228526665397762,0.7795600804259922,0.12609616389837225,0.11253719362373288,0.7797239120883002,0.12591982913319166,-0.07794156839631,1.6728323609686957,0.10244643539715215,-2.886211423125509,1.5110743636065906,2.1635373538098603,63.043804014631725
3.769633507853403,0.0,FOLLOWER,0.4499888173041288,0.11269136469617037,0.7888483856252592,0.12586353189506677,0.1096055772350089,0.803689936877531,0.1252773908116847,0.10897947371731373,0.8142060073770327,0.12559828167419573,0.10924632669996799,0.8143696508043945,0.1257236738438405,0.02312566086562426,1.3686710305438499,-0.008444585718733744,-3.0098274577185586,1.7544485564038967,-1.8008764104105417,64.07743150578834
3.832460732984293,0.0,FOLLOWER,0.4511382829436396,0.10910090968535625,0.8202434860773297,0.12333961947845455,0.10582284466584273,0.835491787053649,0.1222205783361137,0.10530815249011238,0.8467418657298866,0.12199437449864219,0.10557481738331999,0.8468464858739613,0.12224024717106274,-0.021812552191760592,0.8810752909402753,-0.3576081548078931,-3.0206414567870934,2.2674457211009305,-2.739907235243472,46.704220485126854
3.895287958115183,0.0,FOLLOWER,0.4491834444109259,0.10381598997014338,0.8492442896900598,0.11799237280560751,0.1003796479887541,0.8647997532837637,0.11588861278451235,0.0996395678194434,0.8750318825221843,0.11440530689210537,0.09987431525178689,0.8750450958532179,0.11458875033335808,-0.26382411197649125,0.35967057241478306,-0.6371811548182851,-2.83729495036683,2.8621740871432775,-2.434378652477821,24.622973960437374
3.9581151832460733,0.0,FOLLOWER,0.44190444802449325,0.09637635066296348,0.8754785413380854,0.11178794513276048,0.09268160399373965,0.8911908809634487,0.10866384446195823,0.09111696082314881,0.899295822312614,0.10604703868306953,0.09130186067027055,0.8992295037406322,0.10622217768884538,-0.524694688323512,0.0650168227301351,-0.4201207800896396,-2.5862793745093495,3.265583456264941,-2.549807542565786,36.813140587816385
4.020942408376963,0.0,FOLLOWER,0.4287032075027852,0.0880412530921882,0.9012668280278986,0.1066924973130791,0.08397097719971226,0.9169572953845588,0.10294466404970164,0.08141712126917548,0.9231541959815912,0.10031395909144195,0.08158123786531878,0.9230805928152052,0.10054615634783595,-0.4890911367123517,0.305598643089966,0.07054794363505756,-2.556914755105773,3.1641086876303635,-2.9927797060223504,46.861862304298675
4.0837696335078535,0.0,FOLLOWER,0.4113373840248774,0.07999923181409568,0.9267942598774224,0.10409611002746201,0.07547362650707129,0.9422888738254122,0.10040833706760925,0.07246493210115566,0.9475955817708291,0.09911566161674815,0.07264945652373896,0.9475490696020337,0.09939150444966525,-0.23730090768346382,0.5570500593325811,0.5324930519439087,-2.7627335546513527,2.906052107337421,-2.934982170016656,79.77053248208706
4.146596858638743,0.0,FOLLOWER,0.3919804958947315,0.07324902097295108,0.9517521158787926,0.10419048164358446,0.06829123537483874,0.9668717272179641,0.10121171929935778,0.06572766365049283,0.9720821779293097,0.10199015048389687,0.06596103372057013,0.9720534790514217,0.10178897379017454,0.0899346673818184,0.6304569415138406,0.7198465790878815,-3.095125368750507,2.7400192792038913,2.292540534730642,46.98239649040805
4.209424083769633,0.0,FOLLOWER,0.3721025297999801,0.06863825829550328,0.9745307310190191,0.10633592369317361,0.06342882610088842,0.9890874281985151,0.10444079582501352,0.06216085477188258,0.9941655199588071,0.10715503751966986,0.06245560061498225,0.9941078389097283,0.10697402271016124,0.4015836862399723,0.3715877951396107,0.6820424854498609,-3.439266941310845,2.876689639377081,2.2159821752822353,74.08469812024828
4.272251308900524,0.0,FOLLOWER,0.379279221798423,0.06491180813051228,0.9930210250786755,0.10893571561293672,0.05963928565579252,1.0068630958650886,0.108059181059047,0.059846331662253005,1.0108961333505428,0.11170097263535879,0.060165603010793094,1.0107522478745858,0.11149139731150441,0.36843112732950456,-0.1630220746579203,0.29425393541632205,-3.4924873969971193,3.3213754157250053,2.5613720856964743,113.24123245217217
4.335078534031413,0.0,FOLLOWER,0.39362456971381576,0.060683700173009676,1.0061656531664633,0.11169998040474081,0.055418250375369474,1.019185149524788,0.11161379107236499,0.056414448828920626,1.0209894941396263,0.11501546810021357,0.05670888513987129,1.020733848272013,0.11476319037295822,0.07771457433248738,-0.6879892062183757,0.03128746398546045,-3.260437706533879,3.8373457204758923,2.9005606330450973,134.0978238203859
4.397905759162303,0.0,FOLLOWER,0.4072601798057567,0.05435530268202201,1.0150615243717516,0.11376783544798777,0.049006271610272156,1.0272237458503097,0.11408430096646835,0.04960513436040528,1.0262869731563333,0.11650406548023917,0.04983296805427158,1.025953974414199,0.116219815556162,-0.3530373686773919,-0.85084858503921,-0.1493032387455677,-2.8335954896138813,4.0715541949428316,3.058149460943562,122.48204708994695
4.460732984293194,0.0,FOLLOWER,0.42029340670296106,0.04418484309587118,1.0216420977931808,0.11434587297589194,0.038487184292517546,1.0330057551489766,0.11461263908293297,0.037415971436255614,1.029913538925183,0.11572602880939327,0.037547822935812575,1.0295665158303746,0.11588309696583557,-0.8472187437600597,-0.646781493152726,-0.2810913870405086,-2.3196952915604996,3.9254792177182924,-2.1211840915566413,89.76632321689509
4.523560209424083,0.0,FOLLOWER,0.4324197191461115,0.0321617294782469,1.027898829934428,0.11411242369321675,0.025979503122047998,1.0385427947729624,0.11407531613942493,0.022873621073325974,1.0346322091923086,0.11398389634137172,0.02296243738851521,1.0343249938526808,0.1142335432200023,-0.8079140186348511,-0.25015288439198535,-0.2656009908928225,-2.2313777971277267,3.518773911313192,-2.633815647137657,68.20979513416013
4.5863874345549736,0.0,FOLLOWER,0.4426803336207791,0.018925249864179955,1.0346746408450123,0.11379664955677381,0.01217350014308452,1.0446894610125146,0.1134310543349873,0.007676486726455394,1.0412574022158962,0.1127055275890027,0.007768609931920527,1.0410034884832369,0.1129593673413611,-0.605578128650288,0.052447048849713074,-0.06553404948427405,-2.395876950470875,3.1281726178147893,-2.590806509695945,51.75327632357424
4.649214659685864,0.0,FOLLOWER,0.44961287273082157,0.004578965140093982,1.0416771977904749,0.11336194006027552,-0.002761975074483447,1.0511508361096635,0.11272472618585706,-0.007823096628272698,1.0487820267399435,0.11200277707274602,-0.007717575076567813,1.0485560202602764,0.11222522260097556,-0.4784467187739817,0.10105639608569694,0.06038590783716269,-2.582659175858843,2.9649534529540715,-2.102452019294506,50.13063169406303
4.712041884816753,0.0,FOLLOWER,0.45099120158436884,-0.011339761457809523,1.0475501752853453,0.11267506594187317,-0.019248546866282717,1.0565437809074563,0.1118364534778901,-0.024494790968218123,1.0548780178871824,0.111414300953591,-0.024395266806887562,1.054630717429194,0.11163242088341535,-0.5433279571862566,-0.15087674623965874,0.06747650113464107,-2.614630832425689,3.122454820751098,-2.2039145293242077,72.27179611257961
4.774869109947644,0.0,FOLLOWER,0.4441932578601717,-0.02899136673986078,1.0513530128449566,0.11170425528328423,-0.03739047860736486,1.0598790740293884,0.11071615844509292,-0.04292393357378727,1.057993287871393,0.11054272766201036,-0.04284869170771508,1.0576907970442122,0.11080333825227297,-0.6894149899459828,-0.49165568763560596,0.010775159980332127,-2.5273264170430005,3.443360016539346,-2.754726657113904,89.73713605673099
4.837696335078534,0.0,FOLLOWER,0.42879936386421086,-0.04710983537423043,1.0535042119743605,0.11054112109518655,-0.05579414860280449,1.0615253983069488,0.10943626186368616,-0.06163892318347073,1.058734847867437,0.109327853187783,-0.06156943190223199,1.0584588847218752,0.10960490200889463,-0.6391715499773017,-0.6279877604777551,-0.03933257356296335,-2.5537095054373977,2.835542837226432,-2.904556812916044,90.45535766870637
4.9005235602094235,0.0,FOLLOWER,0.4107754017202128,-0.06184033117168513,1.0548435116456847,0.10913519163989886,-0.07035385205374362,1.0623177384507088,0.1078951578618916,-0.07561059748836699,1.0586239882633124,0.10770156907675771,-0.07546493316319289,1.0585388486746863,0.10797917660256101,-0.04063489041797076,-0.5423059614285797,-0.0704565553493644,-3.0379481317549084,0.7963387286282431,-2.9278737285893084,92.48590554735756
4.963350785340314,0.0,FOLLOWER,0.4012083683328846,-0.07393350408853717,1.0558193946914205,0.10790097120523538,-0.08194281499227304,1.0627083829946131,0.10657052610487218,-0.08561565934818044,1.0585607267190245,0.10631939334239696,-0.08539507111645542,1.0585095073424364,0.10659573971443631,0.22971436119835695,-0.40791809748986774,-0.011730809598844288,-3.368979269065168,0.8020598312435777,-2.904295572552551,120.2725935969096
5.026178010471204,0.0,FOLLOWER,0.4080411973929595,-0.08417206617974046,1.056712473939255,0.10699016070428483,-0.09146689411654912,1.0629895379728098,0.10563782140120603,-0.09345097023361054,1.0589125047527943,0.10549384847977741,-0.0931984925645187,1.0587474234606848,0.10574546743643232,0.1834507405072433,-0.2695550104772071,0.05916314847727727,-3.4082115583575265,2.0923203419856167,-2.5653591060528345,148.39786383120148
5.089005235602094,0.0,FOLLOWER,0.436524677089002,-0.09499552808442563,1.0578575918916873,0.10599999668459653,-0.10155093075731958,1.0635147562190748,0.10464186739631966,-0.10282664510857221,1.0599399995533734,0.1046608212946711,-0.10261289197693815,1.0596559075950598,0.10491860065649637,-0.2695553279860388,-0.13347473534963683,0.03817938722463221,-3.026901479909185,3.0340587174166656,-2.676360204402587,78.37294260251272
5.151832460732984,0.0,FOLLOWER,0.48847605965777774,-0.10610997716908448,1.0595103238498773,0.1041201808194168,-0.1118958904557778,1.064577324036011,0.10263150185628296,-0.11362030965749695,1.061781632574564,0.10256578698288327,-0.11345319010786382,1.0614944908022954,0.10284165478371747,-0.5245627788219486,-0.021837561777371395,-0.11976297556193505,-2.693953980849705,3.016718013563655,-2.9335505902571044,50.85255681042269
5.214659685863874,0.0,FOLLOWER,0.5582750738085683,-0.1153914261791927,1.061927788012214,0.1008502132812873,-0.12029837577261204,1.0664758714486222,0.09900768281666074,-0.1226073214867267,1.0645780634270872,0.0984332268398594,-0.12242625219693008,1.0643081785031814,0.09867593303977039,-0.2907354106993304,0.06499458148778725,-0.2987162253645266,-2.7672911806319314,2.926331855030127,-2.760581548960199,27.968718156680712
5.277486910994764,0.0,FOLLOWER,0.6344503307425073,-0.12150089816842859,1.0648852052585553,0.09631403528397897,-0.12539747971225584,1.0690101013458126,0.09392593425643903,-0.12743133525189004,1.067950544643042,0.09260739752801055,-0.12718292023879782,1.0676910433781264,0.09282378550739648,0.1388031042752244,0.08655401330609491,-0.35428466336871256,-3.1173152883253183,2.8946063688742005,-2.6771649369893824,67.00154884580802
5.340314136125654,0.0,FOLLOWER,0.7046403635925326,-0.12577719144117125,1.0673753262015624,0.0921223974402321,-0.128682003008612,1.0711388332239404,0.08930464484823536,-0.1297955886285837,1.0705582070390989,0.08762149108036295,-0.1295027864050162,1.0702856629858462,0.08785540828763434,0.21085931964398563,-0.04735757648459682,-0.10520821007465736,-3.2588577206467226,3.0028187689933907,-2.866078632946058,114.58924635263821
5.403141361256544,0.0,FOLLOWER,0.7601043924146519,-0.12963519022733852,1.0688461793729092,0.08939058340425153,-0.13170274472502091,1.0722649128203232,0.08649112800546162,-0.1321597795818888,1.0716189082970058,0.08528852740243818,-0.1318727964047976,1.0713473445790154,0.08557324033886676,-0.019860573348348676,-0.21592254194054972,0.23027626749257818,-3.1113367796111953,2.796383319972498,-3.180438461195135,140.0592942951629
5.465968586387434,0.0,FOLLOWER,0.7981867257208979,-0.13462753890809503,1.0693437428699952,0.08810894138826166,-0.13608380355216598,1.0724036067795768,0.08549327121698368,-0.13682170792340786,1.071296435657648,0.08539085161853159,-0.13658510065171123,1.0713251942719162,0.08542618409170517,-0.4132113754946154,-0.3005402563530213,0.38035515740923387,-2.742266869506257,-0.8643720264198076,0.0811985323475995,39.00461966941688
5.528795811518324,0.0,FOLLOWER,0.8199751967655667,-0.13932688656218756,1.0692697427720834,0.08800484312883262,-0.14034841176272883,1.071959060198095,0.08591070596918884,-0.14190384942758744,1.0702970319658953,0.08698001515144757,-0.1416888242428771,1.0705200601640976,0.08674498203946036,-0.41126788657144947,-0.30831772497491583,0.38679885556911764,-2.6331724551386184,-2.420510552339555,2.53448195839735,4.910143543558502
5.591623036649215,0.0,FOLLOWER,0.8269575827673209,-0.14229872165331844,1.069134582212932,0.08900867220673134,-0.14301604359362097,1.071451627392703,0.08754189890379457,-0.14493555131179164,1.0694562811593658,0.08949012829204392,-0.14468768810011887,1.0696776093669131,0.08925138395333305,-0.09148461156620186,-0.20782169267485884,0.33955352509064607,-2.850778783009338,-2.20491544691007,2.5919143411602987,28.13093925047225
5.654450261780104,0.0,FOLLOWER,0.8219303887706854,-0.14356749514632278,1.0690565589249348,0.09087299773848032,-0.1440598947899963,1.0710117737995848,0.09002192601196925,-0.14551810408175078,1.0690565798346439,0.09240625112326557,-0.14533542421588658,1.0692079087826243,0.09216253311229226,0.16802894306941346,-0.0931575662967532,0.2432420677720891,-1.6494000898777808,-1.3027273879067447,2.7076308276104286,61.7537256492997
5.717277486910994,0.0,FOLLOWER,0.8053150813374983,-0.14380217650151916,1.068958393689109,0.09454551859367111,-0.14420365968185256,1.070550512896602,0.09440473147395886,-0.1447642865116731,1.0689041194142823,0.0970744500026054,-0.1449346340858505,1.068984628157665,0.09684725357021418,0.2299871571551121,-0.03742726402730101,0.3574478222068266,2.1968536744545077,-0.6357470991824259,2.6704901717098126,8.534525785966586
5.780104712041885,0.0,FOLLOWER,0.7753441519485952,-0.1439030874374936,1.0690451462027577,0.09998737775679244,-0.14435627532896816,1.0702702458051538,0.10064775779142628,-0.14413912109567473,1.0690504921049642,0.10374644237377094,-0.14432889554669381,1.0690204349518675,0.10354646344933513,0.15473199725353354,0.009077706763915838,0.4710186279867391,1.8253544458993622,0.4920956481447526,2.5905539158678743,18.60998498510754
5.842931937172774,0.0,FOLLOWER,0.7316741544094195,-0.14251135545734375,1.0702596623193206,0.10643733257778984,-0.14309237255415908,1.0711429790758666,0.107853681763487,-0.1422086141541856,1.0705646630572918,0.11137553598259058,-0.14246354956709004,1.0703017946522018,0.11118691130384159,0.2726310134025092,0.1858841051179616,0.4336303692682064,2.705550473380699,2.8278232066695677,2.6122925128913015,20.851916296288586
5.9057591623036645,0.0,FOLLOWER,0.6767555077913435,-0.1372172619977284,1.0731698988407425,0.113310667115634,-0.13788319281559036,1.073791653422581,0.11530960188022396,-0.13572565516786508,1.0742510463309969,0.11897581164272686,-0.13591000040152615,1.074018105669768,0.11877986146494576,0.7869431354042444,0.4302156282811165,0.3185633717688624,2.300962156547416,2.6005342994062834,2.7209636535946666,25.287203646831266
5.968586387434555,0.0,FOLLOWER,0.6156300736263836,-0.12682411918350603,1.0779157716394818,0.11914167485970109,-0.12734091386613594,1.078425478279528,0.1213194409342217,-0.12281175183589664,1.0802218077846746,0.12457034542450461,-0.12288574408974917,1.080028144796871,0.12433730796143012,1.362882182703018,0.5846498954570789,0.05427200921329922,1.759428236964645,2.42848572547373,2.97009037527388,50.56131116807831
6.031413612565444,0.0,FOLLOWER,0.5528449034274349,-0.11191845843830706,1.0836382675189848,0.12278832556029178,-0.11192270691424877,1.0842327542134826,0.12460666928023961,-0.1043628091625911,1.0872332657440522,0.1267683762745108,-0.1043453994392861,1.0870539433331268,0.12647932272053347,1.6450928477163174,0.5415184083170876,-0.23234736017075236,1.424652663796128,2.4373199858841916,3.2484269447541116,67.2460378049855
6.094240837696335,0.0,FOLLOWER,0.4892702656302502,-0.09525204496683247,1.0913784025529971,0.12443861247052534,-0.09454126579328798,1.0921907021264143,0.12547232838120265,-0.08455853895902365,1.096200641523979,0.12624954643010095,-0.08452972634489635,1.0960434166468034,0.12633886742462672,1.3640031708680445,0.648668882980552,-0.30610653750121897,1.6078559010489435,2.378834707994401,-1.319226311023047,31.768619062146747
6.157068062827225,0.0,FOLLOWER,0.43099778986555304,-0.08152844834953613,1.102218660340143,0.12487346171180463,-0.0803123804718549,1.1033105612365333,0.12495976799123316,-0.07006150863756393,1.1085149927598574,0.12462297636412129,-0.07014122052294493,1.1084064355252077,0.12487258904029905,0.45019169930403324,0.9262865540009324,-0.21981085692331231,2.435386533177074,2.1737934762189806,-2.634936036470047,33.37929024293903
6.219895287958115,0.0,FOLLOWER,0.3927108975220034,-0.07138705578995139,1.1171752777067534,0.12442595903665722,-0.07008021971152842,1.1185885092167183,0.12358440155906583,-0.061854878705690446,1.12553295541011,0.12272985130355604,-0.06206698801125139,1.1254992629752676,0.12299501425036674,-0.1868752900509689,1.3153263272318583,-0.06699450054627396,3.1934753209609124,1.838991109773528,-2.8142480148956515,70.97522499181605
6.282722513089005,0.0,FOLLOWER,0.4026509385285737,-0.06521437532813734,1.1363466255164245,0.12345161074688443,-0.06432677429381559,1.1380873773271722,0.12183998665514664,-0.059255495721104154,1.1472925523302524,0.12105954917448297,-0.05956703023843891,1.1473358854811468,0.12134023465130654,-0.4721080975328924,1.6271043811735386,0.06848947447765374,3.623901705531127,1.534576807702499,-2.969156398344084,86.0028175359784
6.345549738219895,0.0,FOLLOWER,0.3971206137847527,-0.059934758201387946,1.1575349217121784,0.12133598921929914,-0.05965487575911099,1.1596290600320378,0.1190221173256781,-0.057057446503344836,1.170885559575347,0.11849057192743144,-0.05736704190304082,1.170954810831993,0.1187709661451639,-0.05515919444235573,1.5298554346547366,-0.0006368148011103025,3.3694909744011987,1.5690777126993387,-3.0340175782004652,72.43578260343969
6.408376963350785,0.0,FOLLOWER,0.37071421344311417,-0.05068411146019356,1.1775726381729954,0.11874253588061649,-0.050691597790776616,1.1800377879815316,0.11585396463104687,-0.048074726081636376,1.1920419525186625,0.1155025034151886,-0.04825037057481351,1.1920568235562463,0.11577778988993269,1.0024395664270893,0.9926741011503704,-0.004264539682111157,2.4094461487650563,2.0435622392547486,-3.0428804325382024,43.927808231706884
6.471204188481675,0.0,FOLLOWER,0.35874834772119674,-0.037800203338412754,1.196315083410803,0.11638538681554268,-0.03768488790662333,1.1990604309544382,0.11312817088857949,-0.032694931440044164,1.2103520165320294,0.11302173149909224,-0.03273446416546918,1.2102978135248739,0.11330598644219732,1.5675250854601135,0.6387389781834951,0.091139538841499,1.6753455661489287,2.482117810570109,-3.1160982823939998,57.580141897549915
6.534031413612565,0.0,FOLLOWER,0.3906507241834417,-0.021787028965044298,1.2146310818547,0.115052095016691,-0.02113920230229635,1.2174866640221291,0.11172687816103326,-0.013047902520721195,1.2275216160091678,0.11213869698099445,-0.0130128282876787,1.2274381344327094,0.11240500467098603,1.642115280063732,0.6499902494739085,0.2619162861740527,1.4182328810696243,2.6080538213463984,-2.7667585144317455,62.90995183157676
6.596858638743456,0.0,FOLLOWER,0.41817507535224774,-0.00200773995583683,1.232639755239686,0.11479663540155506,-0.0003430607242534689,1.2354348818440268,0.11167065250640965,0.010453518211182346,1.2445165187912495,0.11283924262650326,0.010531435582987098,1.2444355205834918,0.11270671941337967,1.6507632497762805,0.7802431210464755,0.35874460958535415,1.3892318924982456,2.5308658563522837,1.8974681975257242,39.66486833089631
6.659685863874345,0.0,FOLLOWER,0.42490556511303923,0.018051751943857323,1.251517752743708,0.11464892724655887,0.02085742757055903,1.2540741732916039,0.1117834912326073,0.03296982346136701,1.262982253208948,0.11360412931052434,0.033009906446156666,1.2629356200299082,0.11340539349642814,1.1280474541305339,1.0623348240324293,0.29133117497687905,1.8684083833042295,2.2628972079586087,2.0044719976617262,24.577332039060543
6.722513089005235,0.0,FOLLOWER,0.43603077048155986,0.03836451169957598,1.2695219598150198,0.11322568873523234,0.04238481661924588,1.2717795729925623,0.11039425393273976,0.05425554336636785,1.280914172110916,0.11221457125111,0.054242703134961184,1.2808720783247438,0.11248661726884157,0.8031907880128968,0.9879509677667375,-0.026955714179370538,2.3032292183375667,2.2338053894169403,-3.162385857407433,43.784256864500406
6.785340314136126,0.0,FOLLOWER,0.49440460416402193,0.057254949983155716,1.2850614758841366,0.1103897076376943,0.06229949923433996,1.2870158155069902,0.1073165276779314,0.07279727619472924,1.2958992151403057,0.10829850232693959,0.07272136707272599,1.2958105886640567,0.108546242323156,0.45183702722917973,0.6284096339089107,-0.3145364446720901,2.736060459580059,2.4970613143468325,-2.768887440635715,17.91855318712193
6.848167539267015,0.0,FOLLOWER,0.5589318851608345,0.07050575753391955,1.2965448189630804,0.10638314923740415,0.07585381971719612,1.2982755534151185,0.1028816324063385,0.08361688218176212,1.3058320444242242,0.10271287199285149,0.0834107404426861,1.30565454322458,0.10293203193171879,-0.33234143082096557,0.11013454485354623,-0.32446396286277823,3.47164104413623,2.9719831056694543,-2.6762999888566537,89.05007566410633
6.9109947643979055,0.0,FOLLOWER,0.6226683827188457,0.07772804286523037,1.3042615060261586,0.10163528067348213,0.08258083069872929,1.3058774086283766,0.09767049757949982,0.0864609460927213,1.3112263447407972,0.09667814121452604,0.0861210072972679,1.310966266405548,0.09689777344398814,-0.8524046366183584,-0.20895557976321477,-0.19451268873550004,4.035328044745963,3.3377022022941203,-2.772292348896008,132.49080340600486
6.973821989528796,0.0,FOLLOWER,0.6758067795781508,0.08115741055232636,1.3087651469985324,0.09733647098732894,0.0849926946484957,1.3103353084281077,0.0931234105060681,0.08521240115802872,1.3132763254798716,0.0920364403007817,0.08537127747760195,1.3129638569303757,0.09228799969597695,-0.744539511741231,-0.3301679110523259,0.06580463150111862,-1.640763253406063,3.4988685624412748,-3.028243539444064,91.89804999981436
7.036649214659685,0.0,FOLLOWER,0.7139985469369361,0.08205160115254942,1.3121950344733624,0.09410761258465163,0.0845862809400613,1.3137059572481684,0.08997565277109909,0.08242707311748859,1.3148900045275338,0.08951806058665855,0.08263084756796636,1.3145796777452485,0.089811512901592,-0.4979514487578801,-0.11532336855198944,0.2729419333012011,-2.2268861598985765,3.3325315112538,-3.2694063937657036,93.20943183980826
7.099476439790576,0.0,FOLLOWER,0.7421056936712749,0.0829867181457696,1.3160202844704294,0.09103563738151489,0.08436577697678388,1.3174300066825604,0.08712800784446059,0.0816518556216394,1.3180481693806825,0.08742503154275415,0.0818047301747188,1.3177765794552645,0.08772787478725279,0.05338058667048659,0.2160910087771306,0.18361867198843293,-0.8474735320596714,2.9898376602094365,-3.262453976380603,89.92107317143446
7.162303664921466,0.0,FOLLOWER,0.7664312792242846,0.08422929435574099,1.3221184757753168,0.08672434381164147,0.08474680597485154,1.323384024898289,0.0828890029116747,0.08299739868207213,1.3247573744557675,0.0832910414756266,0.08275468670474169,1.3245586278868178,0.0835563160346031,0.3636846271533281,0.6512844480078495,-0.15052964634169747,2.824740870740766,2.520815977333565,-2.992989634553344,31.85075809501335
7.225130890052355,0.0,FOLLOWER,0.7905977407042698,0.08717736170696318,1.3303030878694884,0.0804841304047158,0.08733258957306021,1.3313939276229543,0.076393403144332,0.08742937055960205,1.3343817985713902,0.07599649770662048,0.0872234729322672,1.3342429495340893,0.07620246083097687,0.6634012503332232,0.8616689974005887,-0.460827844483095,2.3627893892445133,2.2225390086163346,-2.6654339558784885,18.19016385065733
7.287958115183246,0.0,FOLLOWER,0.820587837647003,0.09219350962949675,1.3397943730175932,0.07140079238935518,0.09251303523025373,1.3406969690016597,0.06660295360412011,0.09466702288519867,1.345330791175939,0.06471657860042461,0.09450487362619701,1.345215103434924,0.06485766404006112,0.7455055045844323,0.8327135225255855,-0.720250266243254,2.211783794356753,2.177336394767802,-2.3756447141821857,5.493973863929895
7.350785340314136,0.0,FOLLOWER,0.8634861090714714,0.09952528395052583,1.3492903758021284,0.06027522641073907,0.1004664816118381,1.3499548584527294,0.054533171951566914,0.1043684069818819,1.355565329741559,0.051109625146571844,0.10423328665936342,1.3554316526228936,0.051218810601707764,0.7530615486493225,0.6112908550806595,-0.6873656443983072,2.2040389851421853,2.367215939893333,-2.349635388849824,6.513913989638591
7.413612565445026,0.0,FOLLOWER,0.9095238507284022,0.10764879702498971,1.356586573958746,0.049796550787146315,0.10933576984336474,1.3569597338660857,0.04339796952569526,0.11420337739631814,1.3623735826372545,0.03941722129954534,0.11405581133345162,1.3621749589409298,0.0395690321191959,0.5123265548439435,0.17323820037785653,-0.2133389721842172,2.4399056065088223,2.79042746764629,-2.751469855708712,30.163097377324654
7.476439790575916,0.0,FOLLOWER,0.9451754971545218,0.11416898560159981,1.3611883141850494,0.041139128258755556,0.11633073526965962,1.3612482626231748,0.03463549811384002,0.1208686275894009,1.3653762454858107,0.03149702248111099,0.1206542821397536,1.3651050268725529,0.03172695125326215,0.016976140222228764,-0.14799671338205922,0.2355144209339483,2.9301372069528706,3.165224700020321,-3.2376909463029424,141.80759674245144
7.539267015706806,0.31413612565445026,LEADER,0.9680019381671376,0.1181672206526402,1.3639613368906034,0.03416117928422383,0.11878630084304506,1.3659310661662112,0.030962954133043476,0.11877405949529149,1.3659322004744714,0.030983109353383286,0.11915049927729018,1.3659550782348293,0.0310045386943316,-0.27979441730025795,-0.12866512296931532,0.27385065348318915,2.3296234071323694,4.420817853806645,-4.277048423720466,151.93356000413
7.602094240837696,0.2513089005235602,LEADER,0.9806626871305204,0.12046221023000307,1.3661683222523606,0.029674546729480517,0.11041650619315214,1.3696322698521606,0.027539740517036046,0.1104288654118489,1.3696341210967322,0.027527226303199617,0.11068630501212116,1.369371722567366,0.02778146843151606,0.11067561163514995,0.01799246397920437,-0.11221807203431018,-3.016515342442058,3.0617597536981296,-3.0269011716415375,85.8117265884866
7.664921465968586,0.18848167539267016,LEADER,0.9866910089553758,0.12201389936417809,1.3681746863482158,0.026993698327458026,0.09864099978682933,1.37483951202931,0.022723603974663074,0.0987252478925111,1.3748306804944834,0.02271749028875979,0.09904964823053482,1.3745615097713215,0.022966902444999444,0.716824330091102,-0.07574994824310101,-0.04985107689742241,-3.1554716423846347,3.0528759754829093,-3.046137137081046,127.32891567111254
7.727748691099476,0.12565445026178013,LEADER,0.989366828620859,0.12339496999495522,1.3702744878192226,0.025474079615421828,0.09027120513693637,1.3785407157152594,0.01930039035865564,0.09040834277368884,1.3785166920837686,0.01931420602076447,0.09083679076860711,1.378216598186604,0.019599964019137443,1.1554517946785465,-0.2034660809296966,0.1189929789868436,-3.1810530970553517,3.073628619643328,-3.0725954236726793,137.28590159659416
7.790575916230366,0.06282722513089006,LEADER,0.9905597828504092,0.12450634717007042,1.3720574431733628,0.02519295982712769,0.08840322384022783,1.3793667550089177,0.01853639323843695,0.08854649617557,1.3793405665913823,0.01856001016536007,0.08903843054250041,1.379066514898342,0.018819386238961663,1.1984915340169313,-0.2192394533521877,0.19908661836059036,-3.092476439540766,2.568872589238878,-2.467262881068983,144.83812088476512
7.853403141361256,0.0,LEADER,0.9909740234106171,0.12512668364059787,1.373886918344984,0.026207144499195312,0.08840322384022788,1.3793667550089177,0.01853639323843697,0.08851907180409734,1.3793500106171601,0.018559992897962927,0.08878185686764918,1.3792569519294242,0.018652992468861984,0.963440057684804,-0.13827853591545586,0.19722933734290757,-0.4712425864416838,0.39401572951854613,-0.32798213496462425,145.98214120043386
7.9162303664921465,0.0,LEADER,0.9909826079665915,0.125382239731001,1.37607730514278,0.027623625061629863,0.08840322384022788,1.3793667550089177,0.01853639323843697,0.08852009347037919,1.3793564654834494,0.018564940098576156,0.08872573227027537,1.3793159352788973,0.01862048442111397,0.9771122719989063,-0.08488632229481266,0.23948698096171084,-0.11983024453692348,0.1444550400724806,-0.05974401360064724,136.2537824318536
7.979057591623036,0.0,FOLLOWER,0.9907287417514239,0.12556561207809144,1.3788426799000346,0.029324981133201842,0.09231837033347134,1.3790361542542073,0.01973181432844874,0.10007118560554737,1.3789060656895622,0.021965791773361186,0.10026467191921397,1.3790397770360399,0.02181333952167903,5.525981971172411,-0.07098830682940038,1.6056745068131808,-1.405786606391488,-1.658727329709844,1.7496968977748688,107.54256190159016
8.041884816753926,0.0,FOLLOWER,0.9902924853315377,0.1257699381446314,1.3813128918870528,0.030793742734255412,0.09591488968564894,1.37922296111123,0.021198408238686847,0.11393344061749926,1.3794798909226709,0.02672840846311902,0.1142004271606625,1.3793318199943678,0.02661522420292649,3.825789933812613,0.34096722765193377,1.3470604818864573,-1.4507636817018046,2.2354072219886185,1.5217934188816775,102.66266267251018
8.104712041884817,0.0,FOLLOWER,0.9897709512727276,0.1257447362919598,1.3829477796446659,0.0319228519824753,0.09946779176991419,1.3796405939657195,0.02285701542791658,0.12201989813649045,1.380962560159388,0.03031878564183749,0.12208221421901608,1.3807294503261287,0.030162481707814923,1.7316463696945963,0.5423939475447059,0.7961441669323209,0.33025208287968916,2.472634314742661,1.9345562273434826,56.49358852326549
8.167539267015707,0.0,FOLLOWER,0.989362101153393,0.12552953983595022,1.3836823007367163,0.03170556552125323,0.10294745380704848,1.3800182456860275,0.024109865454133454,0.12402319058371455,1.3824040659078494,0.0314758558501894,0.12393012657110479,1.3821753840166102,0.03129704475359908,0.5170988425401215,0.4429275615881356,0.23146257201574655,0.4408140692541246,2.3923958172278765,1.5324624219118133,37.40978352808883
8.230366492146597,0.0,FOLLOWER,0.9892314284767026,0.12527032198794064,1.3838094940995802,0.030018115724795125,0.10638918906002778,1.3802301321581416,0.02442708800793862,0.1231567542611832,1.3830995136181368,0.030101078255472414,0.12341532157559869,1.3829177013033638,0.03035946758653263,0.2010293125253769,0.24511651244549792,-0.1918393543205936,-3.171979698579955,1.6080305591783328,-2.9957998692110808,78.91709318963137
8.293193717277486,0.0,FOLLOWER,0.98953588687859,0.12500786834823452,1.3836950695288828,0.026646784882678923,0.10981957092801312,1.3803043071993404,0.023190923985665537,0.12220004434790183,1.3830481974572324,0.026244969958314872,0.1224573291376023,1.383047044387389,0.026464215389783656,0.23888201589537458,0.11660523382784893,-0.5569024055780559,-2.3211180419444997,-0.5480286774454219,-2.437704265095074,69.43657635878563
8.356020942408376,0.0,FOLLOWER,0.9902510463935662,0.12483885944950182,1.383722563349241,0.022170616277023495,0.11330726170519305,1.3804241798202583,0.020350152674575517,0.12242543778299078,1.3827679625679747,0.02066656647712065,0.12238896497602048,1.382871943837033,0.02084818058137743,0.357229546784929,0.10132784427778763,-0.6440398669140242,1.733291530973915,-1.254499863936525,-2.2583385166800465,32.685131742236926
8.418848167539267,0.0,FOLLOWER,0.9911967482465665,0.12479046874250882,1.3838437720388463,0.017500447206386358,0.11688296172025488,1.3805902024291634,0.016440817293700904,0.12387349739043671,1.382589672308197,0.01469799612880478,0.12361537709990891,1.3826809217270624,0.014879794727319939,0.36022556497325164,0.14577423027201108,-0.5021600062486608,2.8843729278681427,-0.8011821970839933,-2.359973097854189,29.467849788473377
8.481675392670157,0.0,FOLLOWER,0.9921071380120295,0.12467298506354163,1.3839754050874007,0.014227349601178666,0.12033859492971176,1.3807771938392608,0.013098711416161998,0.12572096263130836,1.3826255118742354,0.010596004046148178,0.125449138115203,1.3826440058844827,0.01082513487012662,0.1586411945449076,0.19417250405074915,-0.09786676892119088,2.947137308495791,0.05993389422521242,-2.7529166827705653,46.4050266645186
8.544502617801047,0.0,FOLLOWER,0.9928269737925762,0.12484088853218554,1.3841304912350645,0.012188927058028876,0.12402224771436335,1.3809982617187082,0.010652528769669045,0.1277899865641955,1.3828625529500624,0.008669739858342714,0.12749931208680232,1.382799430540165,0.008951995678572487,-0.09123743745261884,0.22297280258727348,0.2045688281853383,3.1557780827315267,0.8477732479164266,-3.0802196160318083,120.9075500544646
8.607329842931938,0.0,FOLLOWER,0.9933052576347137,0.12488325644145766,1.3843486549156878,0.010702755209417714,0.12401335040111944,1.381120945379216,0.009546576184325375,0.12590350878641954,1.3830820103853017,0.008666965701753203,0.1261400248739465,1.3830083456120066,0.008741270603909288,-0.3924083468016988,0.2323836563284276,0.262613929626784,-2.624938086056571,0.7926645035299787,-0.4475907325405209,41.402565930253594
8.670157068062826,0.0,FOLLOWER,0.9936122132248169,0.12370238998391218,1.3848125323937441,0.009272781161499696,0.12264478913605806,1.3814989788550884,0.008503226256515034,0.12277133135016029,1.3836173651350254,0.008457264891509287,0.12300091839820489,1.3834556023531623,0.008574490526929475,-0.36564523350514566,0.27062801726063235,0.07972658363856128,-2.534632737780143,1.7890230069862891,-1.6223420116486726,37.56795242308131
8.732984293193716,0.0,FOLLOWER,0.9938662070183917,0.12063883312959821,1.3853820669283148,0.00815448188277793,0.11919510495909819,1.3820166115409285,0.0077374648852960165,0.11801303888911192,1.3843321046509303,0.007921295972923095,0.11823032630476037,1.3841274166519202,0.008123396758489648,-0.35431279029100177,0.28896968627286634,-0.06300129662273161,-2.566536959580037,2.1474923533928036,-2.415727363093122,27.986624191608875
8.795811518324607,0.0,FOLLOWER,0.9941645970288713,0.11546334250444508,1.3859323653539262,0.007273066171186264,0.11342930445885414,1.3825511173022331,0.007150167054902096,0.11128169892959618,1.3850233723810184,0.007135491671602167,0.11148009776023819,1.3848194801659652,0.007375391775385227,-0.41504757004729304,0.27074230530089727,-0.12754958809550757,-2.568380885277239,2.076896625154942,-2.5692428625490815,24.008697189397697
8.858638743455497,0.31413612565445026,LEADER,0.9945099408278145,0.1090815215702498,1.3863092973502331,0.0064375906737035886,0.11014348522279119,1.3845036583248689,0.008021836980125183,0.11009822048712758,1.3845363668431987,0.008008432452140505,0.11012421086808306,1.3847174597592924,0.007782411358619368,-0.2698398213736934,0.16760443323013685,-0.1055026239391843,-3.8446192942465087,2.832972446594641,2.564213656185362,46.81224805503309
8.921465968586388,0.2513089005235602,LEADER,0.9948461977964219,0.10338939640437717,1.3865118699006391,0.006587912812223846,0.10415457490307012,1.383088567092112,0.01091834007981637,0.10408727108720506,1.38310677648459,0.010906265589559124,0.10423667469692176,1.3834175569203377,0.010609894176375263,-0.5682499703751852,0.15140335567613086,-0.10078581485212218,-3.025676612577419,-2.948368100432128,3.0171570943373807,71.77235652009631
8.984293193717278,0.18848167539267016,LEADER,0.9951203981731698,0.0994158124318919,1.3861511026913294,0.008297881440014887,0.09572874669739595,1.381097668082771,0.014993444934005822,0.09569159860070317,1.3811183102388616,0.014976054017161214,0.09585804223841184,1.3814330727843822,0.014683003206883366,-0.30507019020892046,0.1729821933205627,-0.14630705597280505,-3.0950974618733795,-3.0089024354019265,3.0387306605405646,90.5956089665614
9.047120418848166,0.12565445026178013,LEADER,0.9952972708750087,0.09689981870272177,1.385170828054986,0.011735955659978427,0.08973983637767485,1.3796825768500138,0.017889948033697,0.08974486694594207,1.3797037891156694,0.017873198905959994,0.08998840741733606,1.380016817867024,0.017574330736863576,0.04944368766158466,0.1773973692884185,-0.13986963943318365,-3.132917730877558,-2.956184443059567,3.0472830268304847,154.9653083205998
9.109947643979057,0.06282722513089006,LEADER,0.9953479594888617,0.09564574773130818,1.3834002933095646,0.016156143205387642,0.08840322384022786,1.3793667550089177,0.018536393238436935,0.08842693355513916,1.3793813054160429,0.018530131493140374,0.08872086485146922,1.3795664354105714,0.018300683285069327,0.20137700629324598,0.12043718738340264,-0.05048138234599394,-2.98392619182514,-1.5280740503768808,2.306892484597882,157.34871582390173
9.172774869109947,0.0,LEADER,0.9952807784170614,0.09485625682279043,1.3814444870507854,0.02009476612598232,0.08840322384022788,1.3793667550089177,0.01853639323843697,0.08842291121774853,1.3793729289592143,0.01854187769574371,0.08851656984631623,1.3794331397119903,0.01848401177516919,0.16379519337499368,0.050137926478855746,0.04789623014009657,-0.36911344927284073,-0.2993580484396162,0.39477911862797765,120.97666196176203
9.235602094240837,0.0,LEADER,0.9951455589099477,0.0942875540138359,1.3797706476733247,0.02218882691263461,0.08840322384022788,1.3793667550089177,0.01853639323843697,0.08842168085081681,1.3793679362242721,0.01854809807829545,0.0884690401512608,1.3793882773588126,0.018542663302714684,0.15406667937457913,0.009010374895486397,0.0989066248246688,-0.10721220706355128,-0.11020578420639081,0.14310605997126855,95.0015025387981
9.298429319371728,0.0,FOLLOWER,0.9949808563674085,0.0939909027365638,1.3788141633546507,0.02291774937780742,0.08872425477141961,1.3789721388438374,0.0191708345476599,0.08988953284922828,1.3788615932242847,0.020084240704646705,0.08967660345005794,1.3790251688307478,0.01985473218299942,0.8282793877954504,-0.08611710062429445,0.6562629112639101,2.402674647822543,-1.9380651155751805,2.520078730030718,25.583477315245894
9.361256544502618,0.0,FOLLOWER,0.9948032009183128,0.09389189976896413,1.3782211848934296,0.02321137386409902,0.08902151554943341,1.3784320046330698,0.01975720827469071,0.09180364994308429,1.378080265449138,0.021955218205045524,0.09159304883871573,1.3783113728078913,0.02172982221124053,0.632294447835928,-0.12059759059772635,0.5034962521649397,2.2607564508515323,-2.449646053453118,2.4119238380295367,29.055878649369625
9.424083769633507,0.0,FOLLOWER,0.9946262321745172,0.09373090286214734,1.3775996093916556,0.024005206096249145,0.08931427481109837,1.3777780341136485,0.020491550018746404,0.0929117121474126,1.3771901261499206,0.02345597480938848,0.09270459529904497,1.377435348349208,0.023222394556673527,0.32067810351474185,-0.10676451243535334,0.3413075827512921,1.988574231653645,-2.524888299256279,2.445798553273281,26.107056450999355
9.486910994764397,0.0,FOLLOWER,0.9944645558915595,0.09380125297549265,1.376546454431276,0.025361541849310176,0.08968429720559123,1.376856193626555,0.02161684204076779,0.09321917091328319,1.3760615868272779,0.024868452738447386,0.09311502542094167,1.3763218783264133,0.024625994601818607,0.16449865146715148,-0.13333408768981814,0.32087209389549726,0.5868259763836579,-2.706247541353653,2.5387152551691474,28.27221238515506
9.549738219895287,0.0,FOLLOWER,0.9943071755759789,0.09413336690495774,1.3753406878855405,0.026677442757498376,0.09021409416013185,1.3756747791834294,0.023013191600601383,0.09330321384231297,1.374685827455683,0.026319056924580756,0.09326344083091916,1.3749513978143493,0.026071001448720633,0.1527512226024104,-0.14717856613091218,0.3077172233519653,0.2500364128696315,-2.7807009801265448,2.6147782932116774,28.860669020792773
9.612565445026178,0.0,FOLLOWER,0.9941334459041419,0.09497665517844359,1.3741042079217138,0.02765993210129554,0.09115585590321701,1.3742515315374049,0.024464132851924246,0.09391677297272874,1.3731290280606954,0.027643218800328107,0.093735304829222,1.3733971100821178,0.027391168919149382,0.2569821521286646,-0.1270784838953154,0.23833959788623593,2.150480772053276,-2.8258695437164123,2.6495782709566984,20.89000402646568
9.675392670157068,0.0,FOLLOWER,0.9939481807396292,0.0964045032391152,1.3731150592589696,0.028132925199231256,0.09274055208042331,1.3727560034746684,0.025698039002158436,0.09555762517077471,1.3716760648053126,0.028498807808066864,0.09530854028910121,1.3719490378292567,0.028263524418986437,0.40037976148398,-0.04230762347223749,0.11126344201228111,2.6518105781629897,-2.8718150430342844,2.3978363260924,40.798883642732115
9.738219895287958,0.0,FOLLOWER,0.9937839077578708,0.09789651531879259,1.3724637409199325,0.028122702055505426,0.09470199641148269,1.3713295197429067,0.02656099733886653,0.09777774670292116,1.3705637684550258,0.028710582787682876,0.09753557119509905,1.3708374741478377,0.02859346193378958,0.3881962544537071,0.07720546360137082,-0.021123354522151715,2.6235150773769096,-2.835485992454868,0.9534206922863523,60.38367124738943
9.801047120418847,0.0,FOLLOWER,0.9936727890463517,0.09893739538110548,1.3720592759275396,0.02785903414245771,0.09653582257994045,1.3700006146058266,0.027141542582817535,0.09962416133253628,1.3698001521797092,0.02847367250235711,0.09937050895730284,1.3700569087493328,0.028518020924858892,0.21027362790096427,0.18327026695528215,-0.11016416869978063,2.733703811229751,-2.6092733822234275,-0.7089200743147412,81.28487397250582
9.863874345549737,0.0,FOLLOWER,0.9936176172539201,0.09954386197023013,1.3716353675945543,0.02763359159321275,0.09809099603503683,1.3685915876192913,0.027713960678208097,0.10072292493597954,1.3690655865940318,0.028254177543949023,0.1004664585235352,1.3693290376085205,0.028324657302736804,0.0260029519390928,0.23676882678321798,-0.13266439974692154,2.6523849404836257,-2.7334501662073745,-0.6539246562881567,117.80419817950676
9.926701570680628,0.0,FOLLOWER,0.9936116316094208,0.09960566159963215,1.3711026631146646,0.027298992920060158,0.09812087970213229,1.368131077087885,0.02726284318808679,0.09990012790231888,1.3692477368314564,0.02714383820269718,0.1000857907999536,1.3692755775635796,0.027390361998827925,-0.12911953858545724,0.2660438259216025,-0.15384965740149695,-2.480790752774449,-0.012401894483994647,-2.6097811769019845,53.2284659919867
9.989528795811518,0.0,FOLLOWER,0.9936335931807432,0.09902334907555947,1.370600727456083,0.026942943419919877,0.09741787239054188,1.3677102774179835,0.026838994888138734,0.09824601044295889,1.3692559612522612,0.026339280619554914,0.09851003759809043,1.3692867517397906,0.02657013937401296,-0.1593662586591188,0.19877248387549784,-0.0671127868362072,-2.778928479703984,-0.5126507846563382,-2.2781235410704213,58.907275065838526
10.052356020942408,0.0,FOLLOWER,0.9936586267483574,0.09792463412850629,1.3702211767360981,0.026699573983621484,0.09613304930900674,1.3674125335650047,0.02658066505113539,0.09625912367128756,1.3690979655190467,0.026051009593666113,0.09652591653379058,1.3691799557842605,0.02618592953649347,-0.08781052043762214,0.14016374944612053,0.019415191441278686,-2.839110537094932,-1.078550100439441,-1.0908160470401442,81.76750395148329
10.115183246073299,0.0,FOLLOWER,0.9936761996118323,0.09659206367226832,1.3700391493332906,0.026451809849749916,0.09459907895961711,1.3672987133314012,0.026340917821467635,0.09443760113384388,1.3689466728667505,0.025987977940115755,0.09471358108461025,1.3690324901725817,0.026043782671255334,0.009922070771659769,0.12887903235451192,0.0398820469884667,-2.934448307008408,-0.9401629457826496,-0.3921230427466251,113.2581043492267
10.178010471204187,0.31413612565445026,LEADER,0.993690150987094,0.09543988916561283,1.3699465574507168,0.026163727792136292,0.09434808519301563,1.3696310507919023,0.025608954675306494,0.09435647979427601,1.3696513141155122,0.025609399034104783,0.09444215830778004,1.3695648451753568,0.02574504701408668,0.08170965911278964,0.10283256879020375,0.013493826099107752,-0.9078040510824658,3.6123517886219174,-2.1009827782898105,61.554986296514926
10.240837696335078,0.2513089005235602,LEADER,0.9937045003235758,0.09486883195870313,1.3699749116831714,0.025819866026084784,0.09271042128095351,1.372312999202228,0.02366063696970147,0.09271483492287645,1.3723173421472794,0.023661406213492515,0.09300283257408427,1.3720505060877772,0.023944166558382142,0.036000589296636194,0.03459936159685775,0.00631285413734004,-2.9942654994885753,3.0443915836132116,-3.011976991282378,94.68384346110786
10.303664921465968,0.18848167539267016,LEADER,0.9937461231797109,0.09482337052602437,1.3704549249832179,0.024946328360395557,0.09040638364388462,1.376086245979271,0.020919538939990833,0.09041997049907799,1.3760745040692934,0.02092698435615895,0.09072048364674021,1.375789755253691,0.021214917760834277,0.11520591727120903,-0.10097036677289786,0.06341805153366145,-3.023224621513746,3.0446882928194268,-3.0277075140632386,166.81691605070137
10.366492146596858,0.12565445026178013,LEADER,0.9938275151884167,0.09491906332423877,1.3711987741122906,0.02390115954228735,0.08876871973182249,1.378768194389597,0.018971221234385802,0.08879234986300051,1.3787424186255595,0.0189863140714488,0.08910869206819069,1.378429732492893,0.019288895321115218,0.19926852766252956,-0.21789226901568498,0.12749155329943287,-3.0005637873615165,3.054476179451662,-3.0256680479976428,167.97465649710585
10.429319371727749,0.06282722513089006,LEADER,0.9939430614095821,0.0951017639563591,1.3719727552433347,0.02300150688953058,0.08840322384022789,1.3793667550089177,0.018536393238436956,0.08842870986658648,1.3793392886221592,0.018552191306877013,0.08863494613558344,1.3790901352692626,0.018757237164421736,0.21332760773802564,-0.2298406452601521,0.13215301920775382,-1.6334979235768,2.1875993162049676,-1.8204696793238127,167.8991513424249
10.492146596858639,0.0,LEADER,0.9940850295394544,0.09580943246037665,1.3725436936324962,0.02234055067136168,0.08840322384022788,1.3793667550089177,0.01853639323843697,0.08842619281872477,1.379345709248329,0.01854792881370867,0.08850830007236492,1.3792538681270425,0.018616933582828933,0.1915356639687837,-0.17476889477060772,0.09566292284762762,-0.2703038881869856,0.34626220964770404,-0.3002439199625254,163.52031077874105
10.554973821989527,0.0,FOLLOWER,0.9942361104933617,0.09744565467346508,1.3727476772990301,0.02212808693933479,0.08923573222892633,1.3783189351495233,0.018943016236468022,0.0910975223678001,1.3769486666269715,0.019683081840760727,0.09092194063455257,1.37715220620441,0.019460348283961974,1.3406031901650246,-0.9759286242018606,0.5266730034758783,1.9717149656802748,-2.26370879157219,2.6140159459014813,25.91381314375831
10.617801047120418,0.0,FOLLOWER,0.9943463598482639,0.10006760814369868,1.3724952261643144,0.022704359229383905,0.0905380306050543,1.3773239461875917,0.019422393244557468,0.0954801763212447,1.3741103120911295,0.02130290346748579,0.0953564563383097,1.374305008413331,0.02107158436942086,1.3718501263719165,-0.6985470060143273,0.4866016418132895,1.5681234195738647,-2.198793916071838,2.442918245571062,33.97305044102818
10.680628272251308,0.0,FOLLOWER,0.9943901255595127,0.10272812245135718,1.372286864872732,0.023610524991178012,0.09241760746943703,1.376280898621368,0.02016377056932136,0.0997914828155824,1.3722494713258397,0.022877390235476747,0.09966073410293087,1.3724765598409885,0.02264276765405357,1.105749916957121,-0.30272153108985567,0.3808410932635729,1.6976596249006712,-2.442096099423196,2.4692256671263024,40.388652971248995
10.743455497382199,0.0,FOLLOWER,0.9943548006807906,0.1047047372545179,1.3720443529335693,0.02478266158314341,0.09455666966897247,1.3751803948070593,0.02123647043591142,0.10295724826758192,1.371453314130473,0.02434475090659191,0.10278485519409439,1.3716588027618166,0.02410298253715417,0.7566004727380539,-0.06483103611287788,0.320984089363476,2.0590593710877108,-1.8707416687662164,2.536776716610039,36.55142993873474
10.806282722513089,0.0,FOLLOWER,0.9942453782768541,0.10567629382753499,1.3717840158009973,0.025842939175101356,0.09654475979954483,1.3740294438669542,0.02249559764987424,0.10462407104258037,1.371171363762765,0.025657774930930022,0.1044081093846105,1.3713029073830298,0.025410385750723342,0.43371579501609026,0.018781955877100742,0.2609934956920778,2.3337284036838817,-1.1493783431934106,2.5870524970346964,26.316039176428074
10.86910994764398,0.0,FOLLOWER,0.9940919353912733,0.10579655478999082,1.371738616895266,0.026413526119619356,0.09815260428711686,1.3729649798505623,0.023626548186871293,0.10502488397802406,1.371078957112077,0.02653655711313879,0.10489835097672043,1.3711515175644062,0.026303395567143884,0.20826681080704929,0.06535642683543896,0.1504710553344021,1.0014577537128044,-0.7284519091124609,2.3694176424151325,43.105812417531475
10.931937172774868,0.0,FOLLOWER,0.9939437458823474,0.10559212355429347,1.3719334517026673,0.026479535664580285,0.09951361015109805,1.3720715929462912,0.02444167762717553,0.10486123358950965,1.37108334434227,0.026808932948405043,0.1048932990723881,1.3711142245164312,0.02667923936414803,0.10406588663595603,0.11729012073916634,0.02642101461546014,-0.5254162585025175,-0.3668551672510778,1.099879315092051,109.82455701722985
10.994764397905758,0.0,FOLLOWER,0.9938130943245778,0.10580476420110574,1.372048503422751,0.026723873674566054,0.10117653763715226,1.371169655969279,0.025396643151850303,0.1051970018755646,1.3709369665835551,0.02712542467851658,0.10508966363543236,1.3710117549379912,0.0269892083095011,0.1367197693076451,0.14014183594797114,0.0066951465627034315,1.5797873201380337,-0.970706075000011,1.4502840750598531,78.78853849806848
11.057591623036648,0.0,FOLLOWER,0.9937446312763709,0.10553469150651708,1.372545334711571,0.026612545116852612,0.10241178755577085,1.3706462213384276,0.02603589341569991,0.10538543319198063,1.3711029876275698,0.027137709748786147,0.10529197469929856,1.3710833310328268,0.027093032291245534,0.06675418066270783,0.23003696603697277,-0.05649947889727301,1.1220843092069033,0.30344913203034296,0.3605784739015235,65.47264366913939
11.120418848167539,0.0,FOLLOWER,0.9937939245296553,0.10405884202210529,1.3737697865466332,0.025459216891459923,0.10229401599903909,1.3709576375724544,0.02548398145165183,0.1041342618434987,1.3722412520981848,0.025794397608705142,0.1043827490020005,1.3720127437037366,0.026044207786498835,-0.18496990157899074,0.40296832707096275,-0.24507230996784168,-2.7697350156722575,2.494001423483145,-2.739985931093097,20.936808707196196
11.18324607329843,0.0,FOLLOWER,0.9939776987512222,0.10097889185178148,1.3759459378025005,0.022935068572124323,0.09892456336580732,1.373164319055674,0.022595765117879488,0.09920675517778628,1.375529254589174,0.021786020571406998,0.09942350419045258,1.3753115551074544,0.022012019564745466,-0.5105785725328521,0.5899791148145872,-0.4663708821561767,-2.5038617530602814,2.4134680537770654,-2.548543638842633,6.884992870652149
11.24607329842932,0.0,FOLLOWER,0.9942449934130778,0.09678581372582844,1.3788741078098976,0.019222751304219337,0.09438876177956051,1.3760890908336847,0.018422982399682,0.09320774540337452,1.3794569953664821,0.01651953493125428,0.09340806123010742,1.3792497188869453,0.016727961574472924,-0.3956535696936214,0.5343829053664817,-0.4183902390789194,-2.543776853200775,2.426446746638741,-2.550790984012134,8.977735694813754
11.308900523560208,0.0,FOLLOWER,0.994523946688149,0.09251916616907539,1.3817512655961264,0.0155920678653815,0.08980178826869575,1.3789317016112914,0.014443079417751012,0.08795038071927558,1.3828026058559362,0.012062612934899856,0.08817506317921531,1.382579893373562,0.012292776522235004,-0.1333342591548041,0.3752320063771686,-0.1703840563637135,-2.788071028552093,2.572829631928352,-2.76994555726027,27.231271736950053
11.371727748691098,0.0,FOLLOWER,0.9947494064738595,0.08963957781776002,1.383715034535318,0.013266952793342104,0.08674309065774914,1.3808374663184106,0.012069459977892188,0.08528451698137766,1.3845521815167445,0.010122537300684659,0.08556374638534767,1.3843005272060063,0.01040019245916021,0.21967719578170758,0.17027117426339222,0.1461264406660651,-3.155254667645106,2.736288423749108,-3.0552951755394897,114.49386083269212
11.434554973821989,0.31413612565445026,LEADER,0.9948767323635911,0.08778444499135848,1.385017432022429,0.012228078228438933,0.08572820891953432,1.384014763120351,0.01087144120829592,0.08575249359504789,1.3840420043036756,0.010887984730286312,0.08568151779568192,1.3842262367946545,0.010731170682469827,0.24982859317621703,0.0806517918475691,0.20563714904385622,-1.3187748404621973,4.207234243278525,-1.2318467571798493,99.17648285150095
11.497382198952879,0.2513089005235602,LEADER,0.9948880838187849,0.08673201037587755,1.385789170250587,0.012055520157683634,0.08646511010862483,1.3827343505597625,0.012982948034533823,0.08647609430911807,1.3827500744547125,0.012996518758221389,0.08627222901476346,1.3830544879309346,0.012736770998309584,0.08863531145400609,0.13187251034429553,0.11174198697116493,2.4294436209397205,-2.912036273104814,3.012231889394193,79.71870619920108
11.56020942408377,0.18848167539267016,LEADER,0.994810037482295,0.0860487786554128,1.3863598104317902,0.012193613778438282,0.0875018601169507,1.3809329316551615,0.015953637663063357,0.08750042607093826,1.3809577632976926,0.015949889840879708,0.08723405354194973,1.38127862618933,0.015671433419872045,-0.014140218052658977,0.2091649395072741,-0.034371667819980856,2.7983312560742064,-3.003587729350115,3.0382868486078074,135.37837975831107
11.62303664921466,0.12565445026178013,LEADER,0.9947100909928489,0.08554142074149412,1.3867779783423129,0.012003917972870167,0.08823876130604122,1.379652519094573,0.018065144489301264,0.08822931627417117,1.379683615312298,0.01804466904509472,0.08797645834981367,1.3800086914178342,0.017736137054409247,-0.08033393955287339,0.2610044088232127,-0.17406372141044069,2.4744796023694993,-2.920829502258119,3.0404739102695983,160.28658622566056
11.685863874345548,0.06282722513089006,LEADER,0.9946320833568937,0.08523303749416596,1.3872879986270414,0.011806945881439528,0.08840322384022789,1.3793667550089177,0.018536393238436977,0.08839158467387397,1.37939775872411,0.018511237051081313,0.0882631444773457,1.3795967009844914,0.01828787494364086,-0.09765399432456957,0.2591120583746125,-0.21105372876440062,0.9651322003533704,-1.4095731094624728,1.896292429756975,165.3422557125679
11.748691099476439,0.0,LEADER,0.9946041187733508,0.08586227066316791,1.3871612617607587,0.012919848674863638,0.08840322384022788,1.3793667550089177,0.01853639323843697,0.08839547240060006,1.3793910580035142,0.018519080161098773,0.08835019390349008,1.3794753694925044,0.01843677332453308,-0.06409559364754433,0.20194939474727347,-0.14330900207294656,0.19574701476566525,-0.27169068122604634,0.3253368413047385,162.72704697622166
11.811518324607329,0.0,LEADER,0.9946086977724948,0.08666946029323325,1.3858969703847133,0.014750522524742397,0.08840322384022788,1.3793667550089177,0.01853639323843697,0.08839780738010562,1.379387342010627,0.01852450694116625,0.08837802274693585,1.379435970272209,0.018485573011129464,-0.04487017096718381,0.17143604920972708,-0.09841101683523223,0.066678154030646,-0.09526031995499612,0.11985713325612307,156.82469991322827
11.87434554973822,0.0,FOLLOWER,0.9946191288046253,0.08755533585844413,1.383125880317904,0.016722006414576964,0.0880750677284149,1.3794146145406732,0.018417488291272918,0.08789221319965289,1.3802221004081654,0.018024566493227864,0.08804571101977357,1.3800267444668262,0.01816922143037965,-0.12340303327375707,0.5534865068542616,-0.2645349894828749,-1.9025112296479958,2.4792343896955567,-1.9405015096203362,22.904995070245867
11.93717277486911,0.0,FOLLOWER,0.9946128991399174,0.08840322384022788,1.3793667550089177,0.01853639323843697,0.0879608278227758,1.3786444361211414,0.018741800315393794,0.08773367430927266,1.3798389047500719,0.018174364034201796,0.08781475901438439,1.3799602689605168,0.0181389719197575,0.0536269230681459,-0.09899841868626913,0.05507577120859777,-0.5208442126212438,-2.34343447079842,1.0166518878085458,37.26292646718054
